# Blender 4.4.0
# www.blender.org
mtllib customboard.mtl
o Skateboard
v -0.624420 0.006078 0.251593
v -0.745583 -0.012084 0.250439
v -0.624393 -0.002734 0.086731
v -0.745592 -0.012082 0.085978
v -0.624568 -0.031328 0.250895
v -0.745568 -0.040199 0.249153
v -0.745562 -0.040201 0.084411
v -0.624464 -0.042800 0.085758
v -0.745588 -0.012083 0.296031
v -0.624481 0.009242 0.295918
v -0.624630 -0.003730 0.306139
v -0.745589 -0.028249 0.306135
v -0.745572 -0.040198 0.296354
v -0.624652 -0.021915 0.296496
v -0.892159 0.027268 0.279730
v -0.807846 0.004632 0.292588
v -1.119327 0.088256 0.037339
v -1.106887 0.084916 0.095781
v -1.114589 0.070836 0.098564
v -1.128656 0.074618 0.038318
v -0.807434 -0.024185 0.292660
v -0.891525 -0.002416 0.279763
v -0.894771 0.011722 0.290119
v -0.809391 -0.011191 0.302348
v -1.106662 0.053274 0.095751
v -1.118899 0.056442 0.037340
v -1.040832 0.067182 0.208064
v -0.984185 0.051974 0.246464
v -1.078885 0.077398 0.159061
v -0.989637 0.037233 0.255163
v -1.047858 0.052891 0.214661
v -1.087343 0.063509 0.164082
v -1.041235 0.036338 0.208070
v -1.079104 0.046141 0.158986
v -0.984307 0.021601 0.246485
v -0.624420 0.006078 -0.251593
v -0.745583 -0.012084 -0.250439
v -0.624393 -0.002734 -0.086731
v -0.745592 -0.012082 -0.085978
v -0.624568 -0.031328 -0.250895
v -0.745568 -0.040199 -0.249153
v -0.745562 -0.040201 -0.084411
v -0.624464 -0.042800 -0.085758
v -0.745588 -0.012083 -0.296031
v -0.624481 0.009242 -0.295918
v -0.624630 -0.003730 -0.306139
v -0.745589 -0.028250 -0.306135
v -0.745572 -0.040198 -0.296354
v -0.624652 -0.021916 -0.296496
v -0.892159 0.027267 -0.279730
v -0.807846 0.004631 -0.292588
v -1.119327 0.088256 -0.037339
v -1.106887 0.084916 -0.095782
v -1.114589 0.070835 -0.098564
v -1.128656 0.074618 -0.038318
v -0.807434 -0.024185 -0.292660
v -0.891525 -0.002417 -0.279763
v -0.894771 0.011722 -0.290119
v -0.809391 -0.011191 -0.302348
v -1.106662 0.053274 -0.095751
v -1.118899 0.056442 -0.037340
v -1.040832 0.067182 -0.208064
v -0.984185 0.051974 -0.246464
v -1.078885 0.077398 -0.159061
v -0.989637 0.037233 -0.255163
v -1.047858 0.052891 -0.214661
v -1.087343 0.063509 -0.164082
v -1.041235 0.036338 -0.208070
v -1.079104 0.046141 -0.158986
v -0.984307 0.021601 -0.246485
v 0.624420 0.006078 0.251593
v 0.745589 -0.012106 0.250439
v 0.624393 -0.002734 0.086731
v 0.745589 -0.012068 0.085978
v 0.624568 -0.031328 0.250895
v 0.745589 -0.040278 0.249153
v 0.745589 -0.040306 0.084411
v 0.624464 -0.042800 0.085758
v 0.745589 -0.012087 0.296031
v 0.624481 0.009242 0.295918
v 0.624630 -0.003730 0.306139
v 0.745589 -0.028249 0.306135
v 0.745589 -0.040262 0.296354
v 0.624652 -0.021915 0.296496
v 0.892157 0.027276 0.279730
v 0.807844 0.004639 0.292588
v 1.119327 0.088254 0.037339
v 1.106888 0.084914 0.095781
v 1.114589 0.070836 0.098564
v 1.128656 0.074618 0.038318
v 0.807594 -0.024801 0.292660
v 0.891553 -0.002526 0.279763
v 0.894771 0.011722 0.290119
v 0.809391 -0.011191 0.302348
v 1.106901 0.052349 0.095751
v 1.119327 0.054786 0.037340
v 1.040832 0.067181 0.208064
v 0.984184 0.051976 0.246464
v 1.078885 0.077396 0.159061
v 0.989637 0.037233 0.255163
v 1.047858 0.052891 0.214661
v 1.087343 0.063509 0.164082
v 1.040826 0.037919 0.208070
v 1.078918 0.046858 0.158986
v 0.983981 0.022858 0.246485
v 0.624420 0.006078 -0.251593
v 0.745589 -0.012106 -0.250439
v 0.624393 -0.002734 -0.086731
v 0.745589 -0.012068 -0.085978
v 0.624568 -0.031328 -0.250895
v 0.745589 -0.040278 -0.249153
v 0.745589 -0.040306 -0.084411
v 0.624464 -0.042800 -0.085758
v 0.745589 -0.012087 -0.296031
v 0.624481 0.009242 -0.295918
v 0.624630 -0.003730 -0.306139
v 0.745589 -0.028250 -0.306135
v 0.745589 -0.040262 -0.296354
v 0.624652 -0.021916 -0.296496
v 0.892157 0.027276 -0.279730
v 0.807844 0.004639 -0.292588
v 1.119327 0.088254 -0.037339
v 1.106888 0.084914 -0.095782
v 1.114589 0.070835 -0.098564
v 1.128656 0.074618 -0.038318
v 0.807594 -0.024801 -0.292660
v 0.891553 -0.002527 -0.279763
v 0.894771 0.011722 -0.290119
v 0.809391 -0.011191 -0.302348
v 1.106901 0.052349 -0.095751
v 1.119327 0.054786 -0.037340
v 1.040832 0.067181 -0.208064
v 0.984184 0.051976 -0.246464
v 1.078885 0.077396 -0.159061
v 0.989637 0.037233 -0.255163
v 1.047858 0.052891 -0.214661
v 1.087343 0.063509 -0.164082
v 1.040826 0.037918 -0.208070
v 1.078918 0.046858 -0.158986
v 0.983981 0.022858 -0.246485
v -0.624344 -0.222198 -0.285711
v -0.635316 -0.181252 -0.285711
v -0.624344 -0.140307 -0.285711
v -0.594370 -0.110332 -0.285711
v -0.512479 -0.110332 -0.285711
v -0.482504 -0.140307 -0.285711
v -0.471533 -0.181252 -0.285711
v -0.482504 -0.222198 -0.285711
v -0.512479 -0.252172 -0.285711
v -0.553424 -0.263791 -0.227363
v -0.594694 -0.252733 -0.227363
v -0.624905 -0.222522 -0.227363
v -0.635963 -0.181252 -0.227363
v -0.624905 -0.139983 -0.227363
v -0.594694 -0.109772 -0.227363
v -0.553424 -0.098714 -0.227363
v -0.512155 -0.109772 -0.227363
v -0.481944 -0.139983 -0.227363
v -0.470886 -0.181252 -0.227363
v -0.481944 -0.222522 -0.227363
v -0.512155 -0.252733 -0.227363
v -0.590988 -0.116190 -0.295772
v -0.586627 -0.123743 -0.300986
v -0.618486 -0.143689 -0.295772
v -0.610933 -0.148049 -0.300986
v -0.628551 -0.181252 -0.295772
v -0.619830 -0.181252 -0.300986
v -0.515861 -0.246314 -0.295772
v -0.520222 -0.238761 -0.300986
v -0.618486 -0.218816 -0.295772
v -0.610933 -0.214455 -0.300986
v -0.488363 -0.218816 -0.295772
v -0.495916 -0.214455 -0.300986
v -0.478297 -0.181252 -0.295772
v -0.487019 -0.181252 -0.300986
v -0.488363 -0.143689 -0.295772
v -0.495916 -0.148049 -0.300986
v -0.515861 -0.116190 -0.295772
v -0.520222 -0.123743 -0.300986
v -0.553424 -0.234999 -0.301495
v -0.553424 -0.222756 -0.293948
v -0.553424 -0.247266 -0.206762
v -0.515249 -0.247231 -0.214319
v -0.511203 -0.254381 -0.255115
v -0.480295 -0.223473 -0.255115
v -0.468982 -0.181252 -0.255115
v -0.480295 -0.139031 -0.255116
v -0.511203 -0.108123 -0.255116
v -0.553424 -0.096810 -0.255116
v -0.595646 -0.108123 -0.255116
v -0.626554 -0.139031 -0.255116
v -0.637867 -0.181252 -0.255115
v -0.626554 -0.223473 -0.255115
v -0.595646 -0.254381 -0.255115
v -0.553424 -0.265695 -0.255115
v -0.553424 -0.099361 -0.285711
v -0.553424 -0.263144 -0.285711
v -0.594370 -0.252172 -0.285711
v -0.553424 -0.106125 -0.295772
v -0.553424 -0.256379 -0.295772
v -0.590988 -0.246314 -0.295772
v -0.580298 -0.227798 -0.301495
v -0.553424 -0.127506 -0.301495
v -0.574176 -0.217278 -0.294004
v -0.589158 -0.202125 -0.293948
v -0.594687 -0.181252 -0.293948
v -0.589159 -0.160380 -0.293948
v -0.574176 -0.145227 -0.294004
v -0.553424 -0.139749 -0.293948
v -0.532672 -0.145227 -0.294004
v -0.517690 -0.160380 -0.293948
v -0.512162 -0.181252 -0.293948
v -0.517690 -0.202125 -0.293948
v -0.532672 -0.217278 -0.294004
v -0.506878 -0.208125 -0.301495
v -0.526551 -0.134706 -0.301495
v -0.599970 -0.154379 -0.301495
v -0.586627 -0.238761 -0.300986
v -0.499678 -0.181252 -0.301495
v -0.607171 -0.181252 -0.301495
v -0.553424 -0.247658 -0.300986
v -0.526551 -0.227798 -0.301495
v -0.506878 -0.154379 -0.301495
v -0.580298 -0.134706 -0.301495
v -0.599970 -0.208125 -0.301495
v -0.553424 -0.114847 -0.300986
v -0.587186 -0.240215 -0.206933
v -0.606920 -0.217155 -0.206762
v -0.615178 -0.181252 -0.206762
v -0.606920 -0.145350 -0.206762
v -0.587186 -0.122289 -0.206933
v -0.553424 -0.115238 -0.206762
v -0.519663 -0.122289 -0.206933
v -0.499929 -0.145350 -0.206762
v -0.491671 -0.181252 -0.206762
v -0.499929 -0.217155 -0.206762
v -0.519663 -0.240215 -0.206933
v -0.553424 -0.257407 -0.214319
v -0.591599 -0.247231 -0.214319
v -0.619318 -0.219505 -0.214319
v -0.629509 -0.181252 -0.214319
v -0.619318 -0.143000 -0.214319
v -0.591599 -0.115273 -0.214319
v -0.553424 -0.105097 -0.214319
v -0.515249 -0.115273 -0.214319
v -0.487531 -0.143000 -0.214319
v -0.477340 -0.181252 -0.214319
v -0.487531 -0.219505 -0.214319
v -0.553424 -0.205299 -0.293838
v -0.553424 -0.181252 -0.293821
v -0.553424 -0.157206 -0.293839
v -0.553424 -0.222740 -0.206430
v -0.553424 -0.181252 -0.206355
v -0.553424 -0.139764 -0.206430
v -0.624344 -0.222198 0.285711
v -0.635316 -0.181252 0.285711
v -0.624344 -0.140306 0.285711
v -0.594370 -0.110332 0.285711
v -0.512479 -0.110332 0.285711
v -0.482504 -0.140306 0.285711
v -0.471533 -0.181252 0.285711
v -0.482504 -0.222198 0.285711
v -0.512479 -0.252172 0.285711
v -0.553424 -0.263791 0.227363
v -0.594694 -0.252733 0.227363
v -0.624905 -0.222521 0.227363
v -0.635963 -0.181252 0.227363
v -0.624905 -0.139983 0.227363
v -0.594694 -0.109772 0.227363
v -0.553424 -0.098713 0.227363
v -0.512155 -0.109772 0.227363
v -0.481944 -0.139983 0.227363
v -0.470886 -0.181252 0.227363
v -0.481944 -0.222521 0.227363
v -0.512155 -0.252733 0.227363
v -0.590988 -0.116190 0.295772
v -0.586627 -0.123743 0.300986
v -0.618486 -0.143689 0.295772
v -0.610933 -0.148049 0.300986
v -0.628551 -0.181252 0.295772
v -0.619830 -0.181252 0.300986
v -0.515861 -0.246314 0.295772
v -0.520222 -0.238761 0.300986
v -0.618486 -0.218815 0.295772
v -0.610933 -0.214455 0.300986
v -0.488362 -0.218815 0.295772
v -0.495915 -0.214455 0.300986
v -0.478297 -0.181252 0.295772
v -0.487019 -0.181252 0.300986
v -0.488363 -0.143689 0.295772
v -0.495915 -0.148049 0.300986
v -0.515861 -0.116190 0.295772
v -0.520222 -0.123743 0.300986
v -0.553424 -0.234999 0.301495
v -0.553424 -0.222756 0.293949
v -0.553424 -0.247266 0.206762
v -0.515249 -0.247231 0.214319
v -0.511203 -0.254381 0.255116
v -0.480295 -0.223473 0.255116
v -0.468982 -0.181252 0.255116
v -0.480295 -0.139031 0.255116
v -0.511203 -0.108123 0.255116
v -0.553424 -0.096810 0.255116
v -0.595646 -0.108123 0.255116
v -0.626554 -0.139031 0.255116
v -0.637867 -0.181252 0.255116
v -0.626554 -0.223473 0.255116
v -0.595646 -0.254381 0.255116
v -0.553424 -0.265694 0.255116
v -0.553424 -0.099361 0.285711
v -0.553424 -0.263143 0.285711
v -0.594370 -0.252172 0.285711
v -0.553424 -0.106125 0.295772
v -0.553424 -0.256379 0.295772
v -0.590988 -0.246314 0.295772
v -0.580298 -0.227798 0.301495
v -0.553424 -0.127506 0.301495
v -0.574176 -0.217278 0.294004
v -0.589158 -0.202125 0.293949
v -0.594687 -0.181252 0.293949
v -0.589158 -0.160379 0.293949
v -0.574176 -0.145226 0.294004
v -0.553424 -0.139748 0.293949
v -0.532672 -0.145226 0.294004
v -0.517690 -0.160379 0.293949
v -0.512162 -0.181252 0.293949
v -0.517690 -0.202125 0.293949
v -0.532672 -0.217278 0.294004
v -0.506878 -0.208125 0.301495
v -0.526551 -0.134706 0.301495
v -0.599970 -0.154379 0.301495
v -0.586627 -0.238761 0.300986
v -0.499678 -0.181252 0.301495
v -0.607171 -0.181252 0.301495
v -0.553424 -0.247658 0.300986
v -0.526551 -0.227798 0.301495
v -0.506878 -0.154379 0.301495
v -0.580298 -0.134706 0.301495
v -0.599970 -0.208125 0.301495
v -0.553424 -0.114847 0.300986
v -0.587186 -0.240215 0.206933
v -0.606920 -0.217155 0.206762
v -0.615178 -0.181252 0.206762
v -0.606920 -0.145350 0.206762
v -0.587186 -0.122289 0.206933
v -0.553424 -0.115238 0.206762
v -0.519663 -0.122289 0.206933
v -0.499929 -0.145350 0.206762
v -0.491671 -0.181252 0.206762
v -0.499929 -0.217155 0.206762
v -0.519663 -0.240215 0.206933
v -0.553424 -0.257407 0.214319
v -0.591599 -0.247231 0.214319
v -0.619318 -0.219505 0.214319
v -0.629509 -0.181252 0.214319
v -0.619318 -0.142999 0.214319
v -0.591599 -0.115273 0.214319
v -0.553424 -0.105097 0.214319
v -0.515249 -0.115273 0.214319
v -0.487531 -0.142999 0.214319
v -0.477340 -0.181252 0.214319
v -0.487531 -0.219505 0.214319
v -0.553424 -0.205299 0.293839
v -0.553424 -0.181252 0.293822
v -0.553424 -0.157205 0.293839
v -0.553424 -0.222740 0.206430
v -0.553424 -0.181252 0.206355
v -0.553424 -0.139764 0.206430
v 0.674734 -0.222198 -0.285711
v 0.685706 -0.181252 -0.285711
v 0.674734 -0.140307 -0.285711
v 0.644760 -0.110332 -0.285711
v 0.562869 -0.110332 -0.285711
v 0.532894 -0.140307 -0.285711
v 0.521923 -0.181252 -0.285711
v 0.532894 -0.222198 -0.285711
v 0.562869 -0.252172 -0.285711
v 0.603814 -0.263791 -0.227363
v 0.645084 -0.252733 -0.227363
v 0.675295 -0.222521 -0.227363
v 0.686353 -0.181252 -0.227363
v 0.675295 -0.139983 -0.227363
v 0.645084 -0.109772 -0.227363
v 0.603814 -0.098714 -0.227363
v 0.562545 -0.109772 -0.227363
v 0.532334 -0.139983 -0.227363
v 0.521276 -0.181252 -0.227363
v 0.532334 -0.222521 -0.227363
v 0.562545 -0.252733 -0.227363
v 0.641378 -0.116190 -0.295772
v 0.637017 -0.123743 -0.300986
v 0.668876 -0.143689 -0.295772
v 0.661323 -0.148049 -0.300986
v 0.678941 -0.181252 -0.295772
v 0.670220 -0.181252 -0.300986
v 0.566251 -0.246314 -0.295772
v 0.570612 -0.238761 -0.300986
v 0.668876 -0.218816 -0.295772
v 0.661323 -0.214455 -0.300986
v 0.538753 -0.218816 -0.295772
v 0.546306 -0.214455 -0.300986
v 0.528688 -0.181252 -0.295772
v 0.537409 -0.181252 -0.300986
v 0.538753 -0.143689 -0.295772
v 0.546306 -0.148049 -0.300986
v 0.566251 -0.116190 -0.295772
v 0.570612 -0.123743 -0.300986
v 0.603814 -0.234999 -0.301495
v 0.603814 -0.222756 -0.293948
v 0.603814 -0.247266 -0.206762
v 0.565639 -0.247231 -0.214319
v 0.561593 -0.254381 -0.255115
v 0.530685 -0.223473 -0.255115
v 0.519372 -0.181252 -0.255115
v 0.530685 -0.139031 -0.255116
v 0.561593 -0.108123 -0.255116
v 0.603814 -0.096810 -0.255116
v 0.646036 -0.108123 -0.255116
v 0.676944 -0.139031 -0.255115
v 0.688257 -0.181252 -0.255115
v 0.676944 -0.223473 -0.255115
v 0.646036 -0.254381 -0.255115
v 0.603814 -0.265695 -0.255115
v 0.603814 -0.099361 -0.285711
v 0.603814 -0.263143 -0.285711
v 0.644760 -0.252172 -0.285711
v 0.603814 -0.106125 -0.295772
v 0.603814 -0.256379 -0.295772
v 0.641378 -0.246314 -0.295772
v 0.630688 -0.227798 -0.301495
v 0.603814 -0.127506 -0.301495
v 0.624567 -0.217278 -0.294004
v 0.639549 -0.202125 -0.293948
v 0.645077 -0.181252 -0.293948
v 0.639549 -0.160380 -0.293948
v 0.624567 -0.145227 -0.294004
v 0.603814 -0.139748 -0.293948
v 0.583062 -0.145227 -0.294004
v 0.568080 -0.160380 -0.293948
v 0.562552 -0.181252 -0.293948
v 0.568080 -0.202125 -0.293948
v 0.583062 -0.217278 -0.294004
v 0.557269 -0.208125 -0.301495
v 0.576941 -0.134706 -0.301495
v 0.650360 -0.154379 -0.301495
v 0.637017 -0.238761 -0.300986
v 0.550068 -0.181252 -0.301495
v 0.657561 -0.181252 -0.301495
v 0.603814 -0.247658 -0.300986
v 0.576941 -0.227798 -0.301495
v 0.557269 -0.154379 -0.301495
v 0.630688 -0.134706 -0.301495
v 0.650360 -0.208125 -0.301495
v 0.603814 -0.114847 -0.300986
v 0.637576 -0.240215 -0.206933
v 0.657310 -0.217155 -0.206762
v 0.665568 -0.181252 -0.206762
v 0.657310 -0.145350 -0.206762
v 0.637576 -0.122289 -0.206933
v 0.603814 -0.115238 -0.206762
v 0.570053 -0.122289 -0.206933
v 0.550319 -0.145350 -0.206762
v 0.542061 -0.181252 -0.206762
v 0.550319 -0.217155 -0.206762
v 0.570053 -0.240215 -0.206933
v 0.603814 -0.257407 -0.214319
v 0.641989 -0.247231 -0.214319
v 0.669708 -0.219505 -0.214319
v 0.679899 -0.181252 -0.214319
v 0.669708 -0.143000 -0.214319
v 0.641989 -0.115273 -0.214319
v 0.603814 -0.105097 -0.214319
v 0.565639 -0.115273 -0.214319
v 0.537921 -0.143000 -0.214319
v 0.527730 -0.181252 -0.214319
v 0.537921 -0.219505 -0.214319
v 0.603814 -0.205299 -0.293838
v 0.603814 -0.181252 -0.293821
v 0.603814 -0.157206 -0.293838
v 0.603814 -0.222740 -0.206430
v 0.603814 -0.181252 -0.206355
v 0.603814 -0.139764 -0.206430
v 0.674734 -0.222198 0.285711
v 0.685706 -0.181252 0.285711
v 0.674734 -0.140306 0.285711
v 0.644760 -0.110332 0.285711
v 0.562869 -0.110332 0.285711
v 0.532894 -0.140306 0.285711
v 0.521923 -0.181252 0.285711
v 0.532894 -0.222198 0.285711
v 0.562869 -0.252172 0.285711
v 0.603814 -0.263791 0.227363
v 0.645084 -0.252733 0.227363
v 0.675295 -0.222521 0.227363
v 0.686353 -0.181252 0.227363
v 0.675295 -0.139983 0.227363
v 0.645084 -0.109772 0.227363
v 0.603814 -0.098713 0.227363
v 0.562545 -0.109772 0.227363
v 0.532334 -0.139983 0.227363
v 0.521276 -0.181252 0.227363
v 0.532334 -0.222521 0.227363
v 0.562545 -0.252733 0.227363
v 0.641378 -0.116190 0.295772
v 0.637017 -0.123743 0.300986
v 0.668876 -0.143689 0.295772
v 0.661323 -0.148049 0.300986
v 0.678941 -0.181252 0.295772
v 0.670220 -0.181252 0.300986
v 0.566251 -0.246314 0.295772
v 0.570612 -0.238761 0.300986
v 0.668876 -0.218815 0.295772
v 0.661323 -0.214455 0.300986
v 0.538753 -0.218815 0.295772
v 0.546306 -0.214455 0.300986
v 0.528687 -0.181252 0.295772
v 0.537409 -0.181252 0.300986
v 0.538753 -0.143689 0.295772
v 0.546306 -0.148049 0.300986
v 0.566251 -0.116190 0.295772
v 0.570612 -0.123743 0.300986
v 0.603814 -0.234999 0.301495
v 0.603814 -0.222756 0.293949
v 0.603814 -0.247266 0.206762
v 0.565639 -0.247231 0.214319
v 0.561593 -0.254381 0.255116
v 0.530685 -0.223473 0.255116
v 0.519372 -0.181252 0.255116
v 0.530685 -0.139031 0.255116
v 0.561593 -0.108123 0.255116
v 0.603814 -0.096810 0.255116
v 0.646036 -0.108123 0.255116
v 0.676944 -0.139031 0.255116
v 0.688257 -0.181252 0.255116
v 0.676944 -0.223473 0.255116
v 0.646036 -0.254381 0.255116
v 0.603814 -0.265694 0.255116
v 0.603814 -0.099361 0.285711
v 0.603814 -0.263143 0.285711
v 0.644760 -0.252172 0.285711
v 0.603814 -0.106125 0.295772
v 0.603814 -0.256379 0.295772
v 0.641378 -0.246314 0.295772
v 0.630688 -0.227798 0.301495
v 0.603814 -0.127506 0.301495
v 0.624566 -0.217278 0.294004
v 0.639548 -0.202125 0.293949
v 0.645077 -0.181252 0.293949
v 0.639549 -0.160379 0.293949
v 0.624566 -0.145226 0.294004
v 0.603814 -0.139748 0.293949
v 0.583062 -0.145226 0.294004
v 0.568080 -0.160379 0.293949
v 0.562552 -0.181252 0.293949
v 0.568080 -0.202125 0.293949
v 0.583062 -0.217278 0.294004
v 0.557269 -0.208125 0.301495
v 0.576941 -0.134706 0.301495
v 0.650360 -0.154379 0.301495
v 0.637017 -0.238761 0.300986
v 0.550068 -0.181252 0.301495
v 0.657561 -0.181252 0.301495
v 0.603814 -0.247658 0.300986
v 0.576941 -0.227798 0.301495
v 0.557269 -0.154379 0.301495
v 0.630688 -0.134706 0.301495
v 0.650360 -0.208125 0.301495
v 0.603814 -0.114847 0.300986
v 0.637576 -0.240215 0.206933
v 0.657310 -0.217154 0.206762
v 0.665568 -0.181252 0.206762
v 0.657310 -0.145350 0.206762
v 0.637576 -0.122289 0.206933
v 0.603814 -0.115238 0.206762
v 0.570053 -0.122289 0.206933
v 0.550319 -0.145350 0.206762
v 0.542061 -0.181252 0.206762
v 0.550319 -0.217154 0.206762
v 0.570053 -0.240215 0.206933
v 0.603814 -0.257407 0.214319
v 0.641989 -0.247231 0.214319
v 0.669708 -0.219505 0.214319
v 0.679899 -0.181252 0.214319
v 0.669708 -0.142999 0.214319
v 0.641989 -0.115273 0.214319
v 0.603814 -0.105097 0.214319
v 0.565639 -0.115273 0.214319
v 0.537921 -0.142999 0.214319
v 0.527730 -0.181252 0.214319
v 0.537921 -0.219505 0.214319
v 0.603814 -0.205299 0.293839
v 0.603814 -0.181252 0.293822
v 0.603814 -0.157205 0.293839
v 0.603814 -0.222740 0.206430
v 0.603814 -0.181252 0.206355
v 0.603814 -0.139764 0.206430
v -0.553576 -0.197000 0.301551
v -0.553576 -0.197000 0.270484
v -0.539862 -0.189082 0.301551
v -0.539862 -0.189082 0.270484
v -0.539862 -0.173247 0.301551
v -0.539862 -0.173247 0.270484
v -0.553576 -0.165330 0.301551
v -0.553576 -0.165330 0.270484
v -0.567289 -0.173247 0.301551
v -0.567289 -0.173247 0.270484
v -0.567289 -0.189082 0.301551
v -0.567289 -0.189082 0.270484
v 0.603699 -0.197000 0.301551
v 0.603699 -0.197000 0.270484
v 0.589985 -0.189082 0.301551
v 0.589985 -0.189082 0.270484
v 0.589985 -0.173247 0.301551
v 0.589985 -0.173247 0.270484
v 0.603699 -0.165330 0.301551
v 0.603699 -0.165330 0.270484
v 0.617412 -0.173247 0.301551
v 0.617412 -0.173247 0.270484
v 0.617412 -0.189082 0.301551
v 0.617412 -0.189082 0.270484
v -0.553576 -0.197000 -0.299318
v -0.553576 -0.197000 -0.268250
v -0.539862 -0.189082 -0.299318
v -0.539862 -0.189082 -0.268250
v -0.539862 -0.173248 -0.299318
v -0.539862 -0.173247 -0.268250
v -0.553576 -0.165330 -0.299318
v -0.553576 -0.165330 -0.268250
v -0.567289 -0.173248 -0.299318
v -0.567289 -0.173247 -0.268250
v -0.567289 -0.189082 -0.299318
v -0.567289 -0.189082 -0.268250
v 0.603699 -0.197000 -0.299318
v 0.603699 -0.197000 -0.268250
v 0.589985 -0.189082 -0.299318
v 0.589985 -0.189082 -0.268250
v 0.589985 -0.173248 -0.299318
v 0.589985 -0.173247 -0.268250
v 0.603699 -0.165330 -0.299318
v 0.603699 -0.165330 -0.268250
v 0.617412 -0.173248 -0.299318
v 0.617412 -0.173247 -0.268250
v 0.617412 -0.189082 -0.299318
v 0.617412 -0.189082 -0.268250
v -0.652537 -0.031034 -0.000000
v -0.417486 -0.031248 -0.000000
v -0.522980 -0.086088 0.000000
v -0.541880 -0.071111 0.000000
v -0.417486 -0.031248 -0.050730
v -0.417486 -0.031247 0.050730
v -0.420030 -0.055414 -0.053358
v -0.417486 -0.052603 -0.050615
v -0.419090 -0.057608 -0.047126
v -0.422723 -0.058137 -0.049782
v -0.418231 -0.054593 -0.051987
v -0.418943 -0.055851 -0.050346
v -0.417956 -0.055236 -0.048870
v -0.420560 -0.058317 -0.048946
v -0.421367 -0.056210 -0.051130
v -0.522762 -0.084299 -0.040217
v -0.522980 -0.086088 -0.036483
v -0.522907 -0.085503 -0.038746
v -0.541880 -0.071111 -0.032049
v -0.541880 -0.068849 -0.036677
v -0.541880 -0.070448 -0.034574
v -0.649994 -0.054807 -0.047944
v -0.648354 -0.057307 -0.043855
v -0.651250 -0.057230 -0.040745
v -0.652537 -0.051983 -0.045065
v -0.649167 -0.055540 -0.045586
v -0.651307 -0.055238 -0.044621
v -0.650279 -0.057453 -0.042896
v -0.652160 -0.054687 -0.042905
v -0.651792 -0.053977 -0.046504
v -0.635970 -0.080642 -0.031857
v -0.634869 -0.083334 -0.027664
v -0.638701 -0.080904 -0.028644
v -0.635408 -0.082546 -0.030057
v -0.636853 -0.082344 -0.029795
v -0.637045 -0.082622 -0.028154
v -0.637695 -0.081217 -0.030661
v -0.649994 -0.051989 -0.085304
v -0.649994 -0.054806 -0.082487
v -0.652537 -0.051983 -0.082475
v -0.649994 -0.053981 -0.084479
v -0.651462 -0.053612 -0.084106
v -0.651792 -0.053977 -0.082478
v -0.651792 -0.051985 -0.084470
v -0.649994 -0.031036 -0.085305
v -0.652537 -0.031034 -0.082475
v -0.651792 -0.031035 -0.084471
v -0.420030 -0.055413 -0.083800
v -0.420030 -0.052596 -0.086617
v -0.417486 -0.052603 -0.083816
v -0.420030 -0.054588 -0.085792
v -0.418561 -0.054227 -0.085436
v -0.418231 -0.052601 -0.085804
v -0.418231 -0.054593 -0.083811
v -0.457439 -0.096348 -0.039943
v -0.454982 -0.097574 -0.036994
v -0.459240 -0.098646 -0.036457
v -0.455924 -0.097450 -0.038979
v -0.457087 -0.098340 -0.038348
v -0.457001 -0.098704 -0.036725
v -0.458522 -0.098045 -0.038646
v -0.454987 -0.097571 0.000000
v -0.459245 -0.098644 0.000000
v -0.457007 -0.098701 0.000000
v -0.587123 -0.080697 -0.031978
v -0.585147 -0.081548 -0.028224
v -0.589657 -0.083334 -0.027664
v -0.585954 -0.081503 -0.030450
v -0.587205 -0.082479 -0.029700
v -0.587283 -0.082811 -0.027944
v -0.588417 -0.082562 -0.030093
v -0.585141 -0.081555 0.000000
v -0.589657 -0.083334 0.000000
v -0.587281 -0.082813 0.000000
v -0.573202 -0.068560 -0.036626
v -0.573202 -0.070631 -0.034227
v -0.573202 -0.071404 -0.031703
v -0.634869 -0.083334 0.000000
v -0.638701 -0.080905 0.000000
v -0.637045 -0.082622 0.000000
v -0.651250 -0.057230 0.000000
v -0.652537 -0.051983 -0.000000
v -0.652160 -0.054687 0.000000
v -0.573202 -0.071403 0.000000
v -0.417486 -0.052603 -0.000000
v -0.419090 -0.057607 0.000000
v -0.417956 -0.055236 -0.000000
v -0.417486 -0.031248 -0.083816
v -0.420030 -0.031245 -0.086617
v -0.418231 -0.031247 -0.085804
v -0.420030 -0.055414 0.053359
v -0.422723 -0.058137 0.049781
v -0.419090 -0.057608 0.047126
v -0.417486 -0.052603 0.050615
v -0.421367 -0.056210 0.051130
v -0.418943 -0.055851 0.050346
v -0.420560 -0.058317 0.048945
v -0.417956 -0.055236 0.048870
v -0.418231 -0.054593 0.051987
v -0.522980 -0.086088 0.036483
v -0.522762 -0.084299 0.040216
v -0.522907 -0.085503 0.038745
v -0.541880 -0.068848 0.036678
v -0.541880 -0.071111 0.032049
v -0.541880 -0.070448 0.034574
v -0.648354 -0.057307 0.043855
v -0.649994 -0.054807 0.047943
v -0.652537 -0.051983 0.045065
v -0.651250 -0.057230 0.040745
v -0.649167 -0.055540 0.045586
v -0.651307 -0.055238 0.044621
v -0.651792 -0.053977 0.046504
v -0.652160 -0.054687 0.042905
v -0.650279 -0.057453 0.042896
v -0.638701 -0.080904 0.028644
v -0.634869 -0.083334 0.027664
v -0.635966 -0.080649 0.031854
v -0.637045 -0.082622 0.028154
v -0.636852 -0.082345 0.029794
v -0.635407 -0.082548 0.030056
v -0.637693 -0.081220 0.030660
v -0.649994 -0.051991 0.085308
v -0.652537 -0.051983 0.082475
v -0.649994 -0.054808 0.082491
v -0.651792 -0.051985 0.084472
v -0.651462 -0.053613 0.084108
v -0.651792 -0.053977 0.082479
v -0.649994 -0.053983 0.084483
v -0.652537 -0.031034 0.082475
v -0.649994 -0.031036 0.085305
v -0.651792 -0.031035 0.084470
v -0.420030 -0.052597 0.086621
v -0.420030 -0.055414 0.083803
v -0.417486 -0.052603 0.083816
v -0.420030 -0.054589 0.085796
v -0.418561 -0.054227 0.085437
v -0.418231 -0.054594 0.083812
v -0.418231 -0.052601 0.085805
v -0.457438 -0.096346 0.039943
v -0.459240 -0.098646 0.036457
v -0.454982 -0.097574 0.036994
v -0.458522 -0.098044 0.038646
v -0.457087 -0.098340 0.038348
v -0.457001 -0.098704 0.036725
v -0.455924 -0.097449 0.038979
v -0.589657 -0.083334 0.027664
v -0.585147 -0.081547 0.028224
v -0.587139 -0.080704 0.031974
v -0.587283 -0.082811 0.027944
v -0.587209 -0.082480 0.029699
v -0.585962 -0.081508 0.030447
v -0.588423 -0.082564 0.030092
v -0.573202 -0.068558 0.036627
v -0.573202 -0.071404 0.031703
v -0.573202 -0.070631 0.034228
v -0.420030 -0.031245 0.086617
v -0.417486 -0.031247 0.083816
v -0.418231 -0.031247 0.085804
v -0.524862 -0.055134 -0.050880
v -0.525266 -0.057423 -0.046465
v -0.525062 -0.055805 -0.048417
v -0.525261 -0.057411 0.046442
v -0.524886 -0.055138 0.050878
v -0.525072 -0.055803 0.048410
v -0.591446 -0.057264 -0.044869
v -0.591844 -0.054960 -0.049326
v -0.591643 -0.055634 -0.046838
v -0.591844 -0.054960 0.049324
v -0.591496 -0.057266 0.044873
v -0.591643 -0.055634 0.046838
v 0.696225 -0.031034 -0.000000
v 0.461174 -0.031248 -0.000000
v 0.574674 -0.084071 0.000000
v 0.585569 -0.071111 0.000000
v 0.461174 -0.031248 -0.050730
v 0.461174 -0.031247 0.050730
v 0.463718 -0.055414 -0.053358
v 0.461174 -0.052603 -0.050615
v 0.462778 -0.057608 -0.047126
v 0.466411 -0.058137 -0.049782
v 0.461919 -0.054593 -0.051987
v 0.462631 -0.055851 -0.050346
v 0.461644 -0.055236 -0.048870
v 0.464248 -0.058317 -0.048946
v 0.465055 -0.056210 -0.051130
v 0.574430 -0.082285 -0.040217
v 0.574674 -0.084071 -0.036483
v 0.574592 -0.083487 -0.038746
v 0.585569 -0.071111 -0.032049
v 0.585569 -0.068849 -0.036677
v 0.585569 -0.070448 -0.034574
v 0.693682 -0.054807 -0.047944
v 0.692043 -0.057307 -0.043854
v 0.694938 -0.057230 -0.040745
v 0.696225 -0.051983 -0.045065
v 0.692855 -0.055540 -0.045586
v 0.694995 -0.055238 -0.044621
v 0.693967 -0.057453 -0.042896
v 0.695848 -0.054687 -0.042905
v 0.695480 -0.053977 -0.046504
v 0.679658 -0.080642 -0.031857
v 0.678558 -0.083334 -0.027664
v 0.682389 -0.080904 -0.028644
v 0.679096 -0.082546 -0.030057
v 0.680541 -0.082344 -0.029795
v 0.680733 -0.082622 -0.028154
v 0.681383 -0.081217 -0.030661
v 0.693682 -0.051989 -0.085304
v 0.693682 -0.054806 -0.082487
v 0.696225 -0.051983 -0.082475
v 0.693682 -0.053981 -0.084479
v 0.695150 -0.053612 -0.084106
v 0.695480 -0.053977 -0.082478
v 0.695480 -0.051985 -0.084470
v 0.693682 -0.031036 -0.085305
v 0.696225 -0.031034 -0.082475
v 0.695480 -0.031035 -0.084470
v 0.463718 -0.055413 -0.083800
v 0.463718 -0.052596 -0.086617
v 0.461174 -0.052603 -0.083816
v 0.463718 -0.054588 -0.085792
v 0.462250 -0.054227 -0.085436
v 0.461919 -0.052601 -0.085804
v 0.461919 -0.054593 -0.083811
v 0.509286 -0.095262 -0.039943
v 0.506847 -0.096523 -0.036994
v 0.511119 -0.097535 -0.036457
v 0.507787 -0.096385 -0.038979
v 0.508962 -0.097259 -0.038348
v 0.508882 -0.097624 -0.036725
v 0.510393 -0.096943 -0.038646
v 0.506851 -0.096520 0.000000
v 0.511124 -0.097532 0.000000
v 0.508887 -0.097621 0.000000
v 0.630811 -0.080697 -0.031978
v 0.628835 -0.081548 -0.028224
v 0.633345 -0.083334 -0.027664
v 0.629642 -0.081503 -0.030450
v 0.630894 -0.082479 -0.029700
v 0.630971 -0.082811 -0.027944
v 0.632105 -0.082562 -0.030093
v 0.628829 -0.081555 0.000000
v 0.633345 -0.083334 0.000000
v 0.630969 -0.082813 0.000000
v 0.616891 -0.068560 -0.036626
v 0.616891 -0.070631 -0.034227
v 0.616891 -0.071404 -0.031703
v 0.678558 -0.083334 0.000000
v 0.682389 -0.080905 0.000000
v 0.680733 -0.082622 0.000000
v 0.694938 -0.057230 0.000000
v 0.696225 -0.051983 -0.000000
v 0.695848 -0.054687 0.000000
v 0.616891 -0.071403 0.000000
v 0.461174 -0.052603 -0.000000
v 0.462778 -0.057607 0.000000
v 0.461644 -0.055236 -0.000000
v 0.461174 -0.031248 -0.083816
v 0.463718 -0.031245 -0.086617
v 0.461919 -0.031247 -0.085804
v 0.463718 -0.055414 0.053359
v 0.466411 -0.058137 0.049781
v 0.462778 -0.057608 0.047126
v 0.461174 -0.052603 0.050615
v 0.465055 -0.056210 0.051130
v 0.462631 -0.055851 0.050346
v 0.464248 -0.058317 0.048945
v 0.461644 -0.055236 0.048870
v 0.461919 -0.054593 0.051987
v 0.574674 -0.084071 0.036483
v 0.574430 -0.082285 0.040216
v 0.574592 -0.083487 0.038745
v 0.585569 -0.068848 0.036678
v 0.585569 -0.071111 0.032049
v 0.585569 -0.070448 0.034574
v 0.692043 -0.057307 0.043855
v 0.693682 -0.054807 0.047943
v 0.696225 -0.051983 0.045065
v 0.694938 -0.057230 0.040745
v 0.692855 -0.055540 0.045586
v 0.694995 -0.055238 0.044621
v 0.695480 -0.053977 0.046504
v 0.695848 -0.054687 0.042905
v 0.693967 -0.057453 0.042896
v 0.682389 -0.080904 0.028644
v 0.678558 -0.083334 0.027664
v 0.679654 -0.080649 0.031854
v 0.680733 -0.082622 0.028154
v 0.680540 -0.082345 0.029794
v 0.679095 -0.082548 0.030056
v 0.681381 -0.081220 0.030660
v 0.693682 -0.051991 0.085308
v 0.696225 -0.051983 0.082475
v 0.693682 -0.054808 0.082491
v 0.695480 -0.051985 0.084472
v 0.695150 -0.053613 0.084108
v 0.695480 -0.053977 0.082479
v 0.693682 -0.053983 0.084483
v 0.696225 -0.031034 0.082475
v 0.693682 -0.031036 0.085305
v 0.695480 -0.031035 0.084470
v 0.463718 -0.052597 0.086621
v 0.463718 -0.055414 0.083803
v 0.461174 -0.052603 0.083816
v 0.463718 -0.054589 0.085796
v 0.462250 -0.054227 0.085437
v 0.461919 -0.054594 0.083812
v 0.461919 -0.052601 0.085805
v 0.509285 -0.095260 0.039943
v 0.511119 -0.097535 0.036457
v 0.506847 -0.096523 0.036994
v 0.510393 -0.096943 0.038646
v 0.508962 -0.097259 0.038348
v 0.508881 -0.097624 0.036725
v 0.507786 -0.096385 0.038979
v 0.633345 -0.083334 0.027664
v 0.628835 -0.081547 0.028224
v 0.630827 -0.080704 0.031974
v 0.630971 -0.082811 0.027944
v 0.630897 -0.082480 0.029699
v 0.629650 -0.081508 0.030447
v 0.632112 -0.082564 0.030092
v 0.616891 -0.068558 0.036627
v 0.616891 -0.071404 0.031703
v 0.616891 -0.070631 0.034228
v 0.463718 -0.031245 0.086617
v 0.461174 -0.031247 0.083816
v 0.461919 -0.031247 0.085804
v 0.568550 -0.055134 -0.050880
v 0.568954 -0.057423 -0.046465
v 0.568750 -0.055805 -0.048417
v 0.568949 -0.057411 0.046442
v 0.568574 -0.055138 0.050878
v 0.568760 -0.055803 0.048410
v 0.635134 -0.057264 -0.044869
v 0.635532 -0.054960 -0.049326
v 0.635332 -0.055634 -0.046838
v 0.635532 -0.054960 0.049323
v 0.635184 -0.057266 0.044873
v 0.635332 -0.055634 0.046838
v -0.577444 -0.192680 0.189919
v -0.534040 -0.192680 0.189919
v -0.528043 -0.194826 -0.000011
v -0.579966 -0.192680 0.000000
v -0.555869 -0.204355 0.189919
v -0.555869 -0.204355 0.000000
v -0.532509 -0.176206 0.000000
v -0.521629 -0.176688 0.029540
v -0.577395 -0.192680 0.094002
v -0.534236 -0.192021 0.093892
v -0.555869 -0.204355 0.094002
v -0.534040 -0.167450 0.189919
v -0.577444 -0.167450 0.189919
v -0.555869 -0.154922 0.189919
v -0.513524 -0.149261 0.094021
v -0.591306 -0.148367 0.094002
v -0.555869 -0.137275 0.094002
v -0.607734 -0.106421 0.000000
v -0.607269 -0.105617 0.015860
v -0.520483 -0.111863 0.026539
v -0.573541 -0.105063 0.011819
v -0.531306 -0.109953 0.000000
v -0.568616 -0.106244 0.000000
v -0.623725 -0.080593 0.000000
v -0.620912 -0.080446 0.006801
v -0.607329 -0.079734 0.006801
v -0.604516 -0.079587 0.000000
v -0.586237 -0.105206 0.018099
v -0.614120 -0.080090 0.009618
v -0.468223 -0.121086 0.026539
v -0.493551 -0.117467 0.037280
v -0.505736 -0.146431 0.034627
v -0.473777 -0.151065 0.022682
v -0.457400 -0.122995 0.000000
v -0.462810 -0.152986 0.000000
v -0.534895 -0.176206 0.000000
v -0.525209 -0.176206 0.029304
v -0.506005 -0.146285 0.033262
v -0.475964 -0.150681 0.021203
v -0.465708 -0.152479 0.000000
v -0.555869 -0.106996 0.000000
v -0.555869 -0.106996 0.016472
v -0.462451 -0.122104 0.000000
v -0.471795 -0.120455 0.022911
v -0.526255 -0.110845 0.000000
v -0.494353 -0.116475 0.032402
v -0.516911 -0.112494 0.022911
v -0.464920 -0.136567 0.000000
v -0.474264 -0.134918 0.022911
v -0.528724 -0.125307 0.000000
v -0.496822 -0.130937 0.032402
v -0.519380 -0.126956 0.022911
v -0.565482 -0.185635 0.212389
v -0.546049 -0.185635 0.212389
v -0.555823 -0.190862 0.212389
v -0.546049 -0.174338 0.212389
v -0.565482 -0.174338 0.212389
v -0.555823 -0.168729 0.212389
v -0.577444 -0.192680 -0.189919
v -0.534040 -0.192680 -0.189919
v -0.555869 -0.204355 -0.189919
v -0.522594 -0.176221 -0.029461
v -0.577395 -0.192680 -0.094001
v -0.534407 -0.191905 -0.093909
v -0.555869 -0.204355 -0.094001
v -0.534040 -0.167450 -0.189919
v -0.577444 -0.167450 -0.189919
v -0.555870 -0.154922 -0.189919
v -0.512996 -0.149571 -0.094012
v -0.591306 -0.148367 -0.094001
v -0.555869 -0.137275 -0.094001
v -0.607269 -0.105617 -0.015860
v -0.520483 -0.111864 -0.026539
v -0.573541 -0.105063 -0.011819
v -0.620912 -0.080446 -0.006801
v -0.607329 -0.079734 -0.006801
v -0.586237 -0.105206 -0.018099
v -0.614120 -0.080090 -0.009618
v -0.468223 -0.121086 -0.026539
v -0.493404 -0.117598 -0.037235
v -0.506058 -0.146139 -0.034736
v -0.473777 -0.151065 -0.022682
v -0.525209 -0.176206 -0.029304
v -0.506005 -0.146285 -0.033256
v -0.475964 -0.150681 -0.021203
v -0.555869 -0.106996 -0.016472
v -0.471795 -0.120455 -0.022911
v -0.494353 -0.116475 -0.032402
v -0.516911 -0.112494 -0.022911
v -0.474264 -0.134918 -0.022911
v -0.496822 -0.130937 -0.032402
v -0.519380 -0.126956 -0.022911
v -0.565482 -0.185635 -0.212389
v -0.546049 -0.185635 -0.212389
v -0.555823 -0.190862 -0.212389
v -0.546049 -0.174339 -0.212389
v -0.565482 -0.174339 -0.212389
v -0.555823 -0.168729 -0.212389
v 0.625436 -0.192680 0.189919
v 0.582032 -0.192680 0.189919
v 0.576034 -0.194826 -0.000011
v 0.627958 -0.192680 0.000000
v 0.603861 -0.204356 0.189919
v 0.603861 -0.204356 0.000000
v 0.580500 -0.176206 0.000000
v 0.569621 -0.176689 0.029540
v 0.625386 -0.192680 0.094002
v 0.582228 -0.192021 0.093892
v 0.603861 -0.204356 0.094002
v 0.582032 -0.167450 0.189919
v 0.625436 -0.167450 0.189919
v 0.603861 -0.154922 0.189919
v 0.561515 -0.149261 0.094021
v 0.639297 -0.148367 0.094002
v 0.603861 -0.137275 0.094002
v 0.655726 -0.106421 0.000000
v 0.655261 -0.105617 0.015860
v 0.568474 -0.111863 0.026539
v 0.621532 -0.105063 0.011819
v 0.579298 -0.109954 0.000000
v 0.616607 -0.106244 0.000000
v 0.671716 -0.080594 0.000000
v 0.668903 -0.080446 0.006801
v 0.655321 -0.079735 0.006801
v 0.652507 -0.079587 0.000000
v 0.634229 -0.105206 0.018099
v 0.662112 -0.080090 0.009618
v 0.516215 -0.121086 0.026539
v 0.541543 -0.117467 0.037280
v 0.553728 -0.146431 0.034627
v 0.521769 -0.151065 0.022682
v 0.505391 -0.122996 0.000000
v 0.510802 -0.152986 0.000000
v 0.582886 -0.176206 0.000000
v 0.573200 -0.176206 0.029304
v 0.553997 -0.146285 0.033262
v 0.523955 -0.150681 0.021203
v 0.513699 -0.152479 0.000000
v 0.603861 -0.106996 0.000000
v 0.603861 -0.106996 0.016472
v 0.510443 -0.122105 0.000000
v 0.519786 -0.120455 0.022911
v 0.574246 -0.110845 0.000000
v 0.542345 -0.116475 0.032402
v 0.564902 -0.112494 0.022911
v 0.512912 -0.136567 0.000000
v 0.522256 -0.134918 0.022911
v 0.576715 -0.125307 0.000000
v 0.544814 -0.130937 0.032402
v 0.567372 -0.126956 0.022911
v 0.613474 -0.185635 0.212389
v 0.594041 -0.185635 0.212389
v 0.603814 -0.190862 0.212389
v 0.594041 -0.174338 0.212389
v 0.613474 -0.174338 0.212389
v 0.603814 -0.168729 0.212389
v 0.625436 -0.192681 -0.189919
v 0.582032 -0.192681 -0.189919
v 0.603861 -0.204356 -0.189919
v 0.570586 -0.176222 -0.029461
v 0.625386 -0.192681 -0.094001
v 0.582399 -0.191905 -0.093909
v 0.603861 -0.204356 -0.094001
v 0.582032 -0.167450 -0.189919
v 0.625436 -0.167450 -0.189919
v 0.603861 -0.154922 -0.189919
v 0.560988 -0.149571 -0.094012
v 0.639297 -0.148367 -0.094001
v 0.603861 -0.137275 -0.094002
v 0.655261 -0.105617 -0.015860
v 0.568474 -0.111864 -0.026539
v 0.621532 -0.105063 -0.011819
v 0.668903 -0.080446 -0.006801
v 0.655321 -0.079735 -0.006801
v 0.634229 -0.105206 -0.018099
v 0.662112 -0.080090 -0.009618
v 0.516215 -0.121086 -0.026539
v 0.541395 -0.117598 -0.037235
v 0.554050 -0.146140 -0.034736
v 0.521769 -0.151065 -0.022682
v 0.573200 -0.176206 -0.029304
v 0.553997 -0.146285 -0.033256
v 0.523955 -0.150681 -0.021203
v 0.603861 -0.106996 -0.016472
v 0.519786 -0.120455 -0.022911
v 0.542345 -0.116475 -0.032402
v 0.564902 -0.112494 -0.022911
v 0.522256 -0.134918 -0.022911
v 0.544814 -0.130937 -0.032402
v 0.567372 -0.126956 -0.022911
v 0.613474 -0.185635 -0.212389
v 0.594041 -0.185635 -0.212389
v 0.603814 -0.190862 -0.212389
v 0.594041 -0.174339 -0.212389
v 0.613474 -0.174339 -0.212389
v 0.603814 -0.168729 -0.212389
v -0.488001 -0.081130 0.029873
v -0.508779 -0.077330 0.021123
v -0.517386 -0.075755 0.000000
v -0.508779 -0.077330 -0.021123
v -0.488001 -0.081130 -0.029873
v -0.467222 -0.084931 -0.021123
v -0.458615 -0.086505 0.000000
v -0.467222 -0.084931 0.021123
v -0.504860 -0.173301 0.020786
v -0.503349 -0.165042 0.029873
v -0.519317 -0.170656 0.014698
v -0.524128 -0.161241 0.021124
v -0.525306 -0.169561 0.000000
v -0.532735 -0.159667 0.000000
v -0.519317 -0.170656 -0.014698
v -0.524128 -0.161241 -0.021123
v -0.504860 -0.173301 -0.020785
v -0.503349 -0.165042 -0.029873
v -0.490402 -0.175945 -0.014698
v -0.482570 -0.168842 -0.021123
v -0.484413 -0.177041 0.000000
v -0.473963 -0.170417 0.000000
v -0.490402 -0.175945 0.014698
v -0.482570 -0.168842 0.021124
v 0.538391 -0.081130 0.029873
v 0.559170 -0.077330 0.021123
v 0.567776 -0.075755 0.000000
v 0.559170 -0.077330 -0.021123
v 0.538391 -0.081130 -0.029873
v 0.517612 -0.084931 -0.021123
v 0.509005 -0.086505 0.000000
v 0.517612 -0.084931 0.021123
v 0.555250 -0.173301 0.020786
v 0.553739 -0.165042 0.029873
v 0.569708 -0.170656 0.014698
v 0.574518 -0.161241 0.021124
v 0.575696 -0.169561 0.000000
v 0.583125 -0.159667 0.000000
v 0.569708 -0.170656 -0.014698
v 0.574518 -0.161241 -0.021123
v 0.555250 -0.173301 -0.020785
v 0.553739 -0.165042 -0.029873
v 0.540792 -0.175945 -0.014698
v 0.532960 -0.168842 -0.021123
v 0.534804 -0.177041 0.000000
v 0.524354 -0.170417 0.000000
v 0.540792 -0.175945 0.014698
v 0.532960 -0.168842 0.021124
v -0.505849 -0.178573 0.015835
v -0.500849 -0.151511 0.015835
v -0.492363 -0.181064 0.007917
v -0.487364 -0.154002 0.007917
v -0.492363 -0.181064 -0.007917
v -0.487364 -0.154002 -0.007917
v -0.505849 -0.178573 -0.015835
v -0.500849 -0.151511 -0.015835
v -0.519334 -0.176082 -0.007917
v -0.514335 -0.149019 -0.007917
v -0.519334 -0.176082 0.007917
v -0.514335 -0.149019 0.007917
v 0.556239 -0.178573 0.015835
v 0.551239 -0.151511 0.015835
v 0.542754 -0.181064 0.007917
v 0.537754 -0.154002 0.007917
v 0.542754 -0.181064 -0.007917
v 0.537754 -0.154002 -0.007917
v 0.556239 -0.178573 -0.015835
v 0.551239 -0.151511 -0.015835
v 0.569724 -0.176082 -0.007917
v 0.564725 -0.149019 -0.007917
v 0.569724 -0.176082 0.007917
v 0.564725 -0.149019 0.007917
v 0.671031 -0.062700 -0.056349
v 0.671030 -0.047548 -0.056349
v 0.660412 -0.062700 -0.062973
v 0.660410 -0.047548 -0.062973
v 0.660839 -0.062700 -0.075482
v 0.660838 -0.047548 -0.075482
v 0.671886 -0.062700 -0.081367
v 0.671885 -0.047548 -0.081367
v 0.682505 -0.062700 -0.074742
v 0.682504 -0.047548 -0.074742
v 0.682078 -0.062700 -0.062233
v 0.682077 -0.047548 -0.062233
v 0.491730 -0.062700 0.078743
v 0.491729 -0.047548 0.078744
v 0.479214 -0.062700 0.078743
v 0.479213 -0.047548 0.078744
v 0.472955 -0.062700 0.067904
v 0.472954 -0.047548 0.067904
v 0.479214 -0.062700 0.057064
v 0.479213 -0.047548 0.057065
v 0.491730 -0.062700 0.057064
v 0.491729 -0.047548 0.057065
v 0.497988 -0.062700 0.067904
v 0.497987 -0.047548 0.067904
v 0.491730 -0.062700 -0.058019
v 0.491729 -0.047548 -0.058018
v 0.479214 -0.062700 -0.058019
v 0.479213 -0.047548 -0.058018
v 0.472955 -0.062700 -0.068858
v 0.472954 -0.047548 -0.068857
v 0.479214 -0.062700 -0.079698
v 0.479212 -0.047548 -0.079697
v 0.491730 -0.062700 -0.079697
v 0.491729 -0.047548 -0.079697
v 0.497988 -0.062700 -0.068858
v 0.497987 -0.047548 -0.068857
v 0.671931 -0.062700 0.080411
v 0.671930 -0.047548 0.080411
v 0.660863 -0.062700 0.074567
v 0.660862 -0.047548 0.074567
v 0.660391 -0.062700 0.062059
v 0.660389 -0.047548 0.062059
v 0.670986 -0.062700 0.055396
v 0.670985 -0.047548 0.055396
v 0.682054 -0.062700 0.061241
v 0.682053 -0.047548 0.061241
v 0.682527 -0.062700 0.073748
v 0.682525 -0.047548 0.073748
v -0.443908 -0.062700 -0.056349
v -0.443909 -0.047548 -0.056349
v -0.454527 -0.062700 -0.062973
v -0.454528 -0.047548 -0.062973
v -0.454100 -0.062700 -0.075482
v -0.454101 -0.047548 -0.075482
v -0.443053 -0.062700 -0.081367
v -0.443054 -0.047548 -0.081367
v -0.432433 -0.062700 -0.074742
v -0.432435 -0.047548 -0.074742
v -0.432861 -0.062700 -0.062233
v -0.432862 -0.047548 -0.062233
v -0.623209 -0.062700 0.078743
v -0.623210 -0.047548 0.078744
v -0.635725 -0.062700 0.078743
v -0.635726 -0.047548 0.078744
v -0.641983 -0.062700 0.067904
v -0.641984 -0.047548 0.067904
v -0.635725 -0.062700 0.057064
v -0.635726 -0.047548 0.057065
v -0.623209 -0.062700 0.057064
v -0.623210 -0.047548 0.057065
v -0.616951 -0.062700 0.067904
v -0.616952 -0.047548 0.067904
v -0.623209 -0.062700 -0.058019
v -0.623210 -0.047548 -0.058018
v -0.635725 -0.062700 -0.058019
v -0.635726 -0.047548 -0.058018
v -0.641983 -0.062700 -0.068858
v -0.641984 -0.047548 -0.068857
v -0.635725 -0.062700 -0.079698
v -0.635726 -0.047548 -0.079697
v -0.623209 -0.062700 -0.079697
v -0.623210 -0.047548 -0.079697
v -0.616951 -0.062700 -0.068858
v -0.616952 -0.047548 -0.068857
v -0.443008 -0.062700 0.080411
v -0.443009 -0.047548 0.080411
v -0.454076 -0.062700 0.074567
v -0.454077 -0.047548 0.074567
v -0.454548 -0.062700 0.062059
v -0.454549 -0.047548 0.062059
v -0.443953 -0.062700 0.055396
v -0.443954 -0.047548 0.055396
v -0.432885 -0.062700 0.061241
v -0.432886 -0.047548 0.061241
v -0.432412 -0.062700 0.073748
v -0.432413 -0.047548 0.073748
vn -0.1051 -0.9944 0.0100
vn 0.0001 -0.9995 0.0326
vn 0.0039 -0.9955 0.0943
vn -0.0175 -0.9991 0.0393
vn 0.0261 -0.9416 0.3358
vn 0.0099 -0.8992 0.4375
vn -0.0006 0.0183 0.9998
vn -0.0229 0.0127 0.9997
vn -0.0110 0.9984 -0.0546
vn -0.0434 0.9988 -0.0227
vn -0.0688 0.9563 0.2841
vn -0.0148 0.9832 0.1818
vn -0.0084 0.9997 -0.0249
vn 0.0549 0.9985 -0.0077
vn -0.0084 0.9997 0.0249
vn 0.0549 0.9985 0.0077
vn -0.1073 0.0029 0.9942
vn 0.2563 0.9662 0.0290
vn 0.2522 0.9672 0.0284
vn -0.2534 -0.0020 0.9674
vn -0.9952 -0.0120 0.0971
vn -0.6997 -0.7127 0.0499
vn -0.4126 -0.9091 0.0578
vn -0.9500 -0.0048 0.3124
vn -0.4355 0.8977 0.0664
vn 0.0673 0.9955 0.0661
vn -0.2530 -0.9672 0.0228
vn -0.2564 -0.9663 0.0234
vn -0.8648 0.0034 0.5022
vn -0.3196 -0.9466 0.0428
vn -0.2794 -0.9596 0.0331
vn -0.6793 0.0061 0.7339
vn -0.2629 -0.9644 0.0268
vn -0.4377 -0.0000 0.8991
vn 0.1826 0.9821 0.0472
vn 0.2270 0.9732 0.0369
vn 0.2449 0.9690 0.0313
vn -0.4355 0.8977 -0.0664
vn -0.9952 -0.0120 -0.0971
vn -0.1051 -0.9944 -0.0100
vn 0.0001 -0.9995 -0.0326
vn -0.0175 -0.9991 -0.0393
vn 0.0039 -0.9955 -0.0943
vn 0.0261 -0.9416 -0.3358
vn -0.0229 0.0127 -0.9997
vn -0.0006 0.0183 -0.9998
vn 0.0099 -0.8992 -0.4375
vn -0.0110 0.9984 0.0546
vn -0.0147 0.9832 -0.1818
vn -0.0688 0.9563 -0.2841
vn -0.0434 0.9988 0.0227
vn -0.1073 0.0029 -0.9942
vn -0.2534 -0.0020 -0.9674
vn 0.2522 0.9672 -0.0284
vn 0.2562 0.9662 -0.0290
vn -0.9502 -0.0048 -0.3116
vn -0.4126 -0.9091 -0.0578
vn -0.6997 -0.7127 -0.0499
vn 0.0673 0.9955 -0.0660
vn -0.2530 -0.9672 -0.0228
vn -0.2564 -0.9663 -0.0233
vn -0.8648 0.0034 -0.5022
vn -0.6793 0.0061 -0.7339
vn -0.2794 -0.9596 -0.0331
vn -0.3196 -0.9466 -0.0428
vn -0.2629 -0.9644 -0.0269
vn -0.4377 -0.0000 -0.8991
vn 0.1825 0.9821 -0.0471
vn 0.2270 0.9732 -0.0369
vn 0.2449 0.9690 -0.0312
vn 0.1012 -0.9948 0.0100
vn 0.0151 -0.9991 0.0394
vn -0.0040 -0.9955 0.0943
vn -0.0002 -0.9995 0.0325
vn -0.0280 -0.9406 0.3384
vn 0.0225 0.0127 0.9997
vn 0.0006 0.0183 0.9998
vn -0.0099 -0.8991 0.4376
vn 0.0110 0.9984 -0.0546
vn 0.0147 0.9832 0.1818
vn 0.0688 0.9564 0.2839
vn 0.0434 0.9988 -0.0227
vn 0.0083 0.9997 -0.0249
vn -0.0549 0.9985 -0.0076
vn -0.0549 0.9985 0.0076
vn 0.0083 0.9997 0.0249
vn 0.0006 0.0183 -0.9998
vn -0.0100 -0.8991 -0.4375
vn 0.1072 0.0032 0.9942
vn 0.2538 -0.0023 0.9673
vn -0.2522 0.9672 0.0284
vn -0.2562 0.9662 0.0291
vn 0.9952 0.0001 0.0978
vn 0.9492 0.0002 0.3147
vn 0.3745 -0.9252 0.0616
vn 0.7153 -0.6967 0.0548
vn 0.4354 0.8978 0.0664
vn -0.0673 0.9955 0.0660
vn 0.2535 -0.9670 0.0233
vn 0.2662 -0.9637 0.0231
vn 0.8644 -0.0002 0.5029
vn 0.6803 -0.0013 0.7329
vn 0.2729 -0.9616 0.0302
vn 0.2863 -0.9572 0.0417
vn 0.2730 -0.9617 0.0250
vn 0.4388 -0.0035 0.8986
vn -0.1825 0.9821 0.0471
vn -0.2270 0.9732 0.0369
vn -0.2449 0.9690 0.0312
vn 0.4354 0.8978 -0.0664
vn 0.9952 0.0001 -0.0978
vn -0.0040 -0.9955 -0.0943
vn -0.0002 -0.9995 -0.0325
vn 0.1012 -0.9948 -0.0100
vn 0.0151 -0.9991 -0.0394
vn -0.0280 -0.9406 -0.3384
vn 0.0225 0.0127 -0.9997
vn 0.0110 0.9984 0.0546
vn 0.0434 0.9988 0.0226
vn 0.0688 0.9564 -0.2839
vn 0.0148 0.9832 -0.1818
vn 0.1072 0.0032 -0.9942
vn -0.2563 0.9662 -0.0291
vn -0.2522 0.9673 -0.0284
vn 0.2538 -0.0023 -0.9673
vn 0.7153 -0.6967 -0.0548
vn 0.3745 -0.9252 -0.0616
vn 0.9492 0.0002 -0.3146
vn -0.0673 0.9955 -0.0661
vn 0.2535 -0.9671 -0.0233
vn 0.2662 -0.9636 -0.0231
vn 0.8644 -0.0002 -0.5029
vn 0.2863 -0.9572 -0.0417
vn 0.2730 -0.9616 -0.0301
vn 0.6802 -0.0013 -0.7330
vn 0.2730 -0.9617 -0.0250
vn 0.4388 -0.0035 -0.8986
vn -0.1826 0.9821 -0.0471
vn -0.2270 0.9732 -0.0370
vn -0.2449 0.9690 -0.0312
vn -0.9470 -0.0000 -0.3212
vn -0.8201 -0.4735 -0.3212
vn -0.8660 -0.5000 -0.0073
vn -1.0000 -0.0000 -0.0073
vn -0.8201 0.4735 -0.3212
vn -0.8660 0.5000 -0.0073
vn -0.4735 0.8201 -0.3212
vn -0.5000 0.8660 -0.0073
vn -0.0000 1.0000 -0.0073
vn -0.0000 0.9470 -0.3212
vn 0.4735 0.8201 -0.3212
vn 0.5000 0.8660 -0.0073
vn 0.8201 0.4735 -0.3212
vn 0.8660 0.5000 -0.0073
vn 0.9470 -0.0000 -0.3212
vn 1.0000 -0.0000 -0.0073
vn 0.8201 -0.4735 -0.3212
vn 0.8660 -0.5000 -0.0073
vn 0.4735 -0.8201 -0.3212
vn 0.5000 -0.8660 -0.0073
vn -0.0000 -1.0000 -0.0073
vn -0.0000 -0.9470 -0.3212
vn -0.4735 -0.8201 -0.3212
vn -0.5000 -0.8660 -0.0073
vn -0.0000 -0.9678 0.2516
vn -0.4837 -0.8385 0.2508
vn 0.4837 -0.8385 0.2508
vn 0.3520 0.6098 -0.7101
vn 0.1602 0.2774 -0.9473
vn -0.0000 0.3203 -0.9473
vn -0.0000 0.7041 -0.7101
vn -0.1024 -0.1770 -0.9789
vn -0.0000 -0.2048 -0.9788
vn 0.6098 0.3520 -0.7101
vn 0.2774 0.1602 -0.9473
vn -0.1761 -0.1010 -0.9792
vn 0.7041 -0.0000 -0.7101
vn 0.3203 -0.0000 -0.9473
vn -0.2019 -0.0000 -0.9794
vn 0.6098 -0.3520 -0.7101
vn 0.2774 -0.1602 -0.9473
vn -0.1761 0.1010 -0.9792
vn -0.6098 -0.3520 -0.7101
vn -0.3520 -0.6098 -0.7101
vn -0.2774 -0.1602 -0.9473
vn -0.1602 -0.2774 -0.9473
vn 0.1761 0.1010 -0.9792
vn 0.1024 0.1770 -0.9789
vn 0.3520 -0.6098 -0.7101
vn 0.1602 -0.2774 -0.9473
vn -0.1024 0.1770 -0.9789
vn -0.7041 -0.0000 -0.7101
vn -0.3203 -0.0000 -0.9473
vn 0.2019 -0.0000 -0.9794
vn -0.0000 -0.7041 -0.7101
vn -0.0000 -0.3203 -0.9473
vn -0.0000 0.2048 -0.9788
vn -0.6098 0.3520 -0.7101
vn -0.2774 0.1602 -0.9473
vn 0.1761 -0.1010 -0.9792
vn -0.3520 0.6098 -0.7101
vn -0.1602 0.2774 -0.9473
vn 0.1024 -0.1770 -0.9789
vn -0.0000 0.3134 -0.9496
vn 0.1574 0.2728 -0.9491
vn 0.2684 0.1558 -0.9506
vn 0.3083 -0.0000 -0.9513
vn 0.2684 -0.1558 -0.9506
vn 0.1574 -0.2728 -0.9491
vn -0.0000 -0.3134 -0.9496
vn -0.1574 -0.2728 -0.9491
vn -0.2684 -0.1558 -0.9506
vn -0.3083 -0.0000 -0.9513
vn -0.2684 0.1558 -0.9506
vn -0.1574 0.2728 -0.9491
vn 0.3968 -0.6838 0.6123
vn -0.0000 -0.7959 0.6054
vn -0.3968 -0.6838 0.6123
vn -0.1925 -0.3367 0.9217
vn -0.2809 -0.1771 0.9433
vn -0.6652 -0.3706 0.6482
vn -0.2841 -0.0000 0.9588
vn -0.7423 -0.0000 0.6701
vn -0.2809 0.1771 0.9433
vn -0.6652 0.3706 0.6482
vn -0.1925 0.3367 0.9217
vn -0.3968 0.6838 0.6123
vn -0.0000 0.3761 0.9266
vn -0.0000 0.7959 0.6054
vn 0.1925 0.3367 0.9217
vn 0.3968 0.6838 0.6123
vn 0.2809 0.1771 0.9433
vn 0.6652 0.3706 0.6482
vn 0.2841 -0.0000 0.9588
vn 0.7423 -0.0000 0.6701
vn 0.2809 -0.1771 0.9433
vn 0.6652 -0.3706 0.6482
vn 0.1925 -0.3367 0.9217
vn -0.0000 -0.3761 0.9266
vn -0.8386 -0.4831 0.2518
vn -0.9673 -0.0000 0.2536
vn -0.8386 0.4831 0.2518
vn -0.4837 0.8385 0.2508
vn -0.0000 0.9678 0.2516
vn 0.4837 0.8385 0.2508
vn 0.8386 0.4831 0.2518
vn 0.9673 -0.0000 0.2536
vn 0.8386 -0.4831 0.2518
vn -0.0000 0.0040 -1.0000
vn -0.0000 -0.0000 -1.0000
vn -0.0000 -0.0040 -1.0000
vn -0.0000 -0.0081 1.0000
vn -0.0000 -0.0000 1.0000
vn -0.0000 0.0081 1.0000
vn -0.9470 -0.0000 0.3212
vn -1.0000 -0.0000 0.0073
vn -0.8660 -0.5000 0.0073
vn -0.8201 -0.4735 0.3212
vn -0.8201 0.4735 0.3212
vn -0.8660 0.5000 0.0073
vn -0.4735 0.8201 0.3212
vn -0.5000 0.8660 0.0073
vn -0.0000 0.9470 0.3212
vn -0.0000 1.0000 0.0073
vn 0.4735 0.8201 0.3212
vn 0.5000 0.8660 0.0073
vn 0.8201 0.4735 0.3212
vn 0.8660 0.5000 0.0073
vn 0.9470 -0.0000 0.3212
vn 1.0000 -0.0000 0.0073
vn 0.8201 -0.4735 0.3212
vn 0.8660 -0.5000 0.0073
vn 0.4735 -0.8201 0.3212
vn 0.5000 -0.8660 0.0073
vn -0.0000 -0.9470 0.3212
vn -0.0000 -1.0000 0.0073
vn -0.4735 -0.8201 0.3212
vn -0.5000 -0.8660 0.0073
vn -0.4837 -0.8385 -0.2508
vn -0.0000 -0.9678 -0.2516
vn 0.4837 -0.8385 -0.2508
vn 0.3520 0.6098 0.7101
vn -0.0000 0.7041 0.7101
vn -0.0000 0.3203 0.9473
vn 0.1602 0.2774 0.9473
vn -0.0000 -0.2048 0.9788
vn -0.1024 -0.1770 0.9789
vn 0.6098 0.3520 0.7101
vn 0.2774 0.1602 0.9473
vn -0.1761 -0.1010 0.9792
vn 0.7041 -0.0000 0.7101
vn 0.3203 -0.0000 0.9473
vn -0.2019 -0.0000 0.9794
vn 0.6098 -0.3520 0.7101
vn 0.2774 -0.1602 0.9473
vn -0.1761 0.1010 0.9792
vn -0.3520 -0.6098 0.7101
vn -0.6098 -0.3520 0.7101
vn -0.1602 -0.2774 0.9473
vn -0.2774 -0.1602 0.9473
vn 0.1024 0.1770 0.9789
vn 0.1761 0.1010 0.9792
vn 0.3520 -0.6098 0.7101
vn 0.1602 -0.2774 0.9473
vn -0.1024 0.1770 0.9789
vn -0.7041 -0.0000 0.7101
vn -0.3203 -0.0000 0.9473
vn 0.2019 -0.0000 0.9794
vn -0.0000 -0.7041 0.7101
vn -0.0000 -0.3203 0.9473
vn -0.0000 0.2048 0.9788
vn -0.6098 0.3520 0.7101
vn -0.2774 0.1602 0.9473
vn 0.1761 -0.1010 0.9792
vn -0.3520 0.6098 0.7101
vn -0.1602 0.2774 0.9473
vn 0.1024 -0.1770 0.9789
vn -0.0000 0.3134 0.9496
vn 0.1574 0.2728 0.9491
vn 0.2684 0.1558 0.9506
vn 0.3083 -0.0000 0.9513
vn 0.2684 -0.1558 0.9506
vn 0.1574 -0.2728 0.9491
vn -0.0000 -0.3134 0.9496
vn -0.1574 -0.2728 0.9491
vn -0.2684 -0.1558 0.9506
vn -0.3083 -0.0000 0.9513
vn -0.2684 0.1558 0.9506
vn -0.1574 0.2728 0.9491
vn -0.0000 -0.7959 -0.6054
vn 0.3968 -0.6838 -0.6123
vn -0.3968 -0.6838 -0.6123
vn -0.6652 -0.3706 -0.6482
vn -0.2809 -0.1771 -0.9433
vn -0.1925 -0.3367 -0.9217
vn -0.7423 -0.0000 -0.6701
vn -0.2841 -0.0000 -0.9588
vn -0.6652 0.3706 -0.6482
vn -0.2809 0.1771 -0.9433
vn -0.3968 0.6838 -0.6123
vn -0.1925 0.3367 -0.9217
vn -0.0000 0.7959 -0.6054
vn -0.0000 0.3761 -0.9266
vn 0.3968 0.6838 -0.6123
vn 0.1925 0.3367 -0.9217
vn 0.6652 0.3706 -0.6482
vn 0.2809 0.1771 -0.9433
vn 0.7423 -0.0000 -0.6701
vn 0.2841 -0.0000 -0.9588
vn 0.6652 -0.3706 -0.6482
vn 0.2809 -0.1771 -0.9433
vn 0.1925 -0.3367 -0.9217
vn -0.0000 -0.3761 -0.9266
vn -0.8386 -0.4831 -0.2518
vn -0.9673 -0.0000 -0.2536
vn -0.8386 0.4831 -0.2518
vn -0.4837 0.8385 -0.2508
vn -0.0000 0.9678 -0.2516
vn 0.4837 0.8385 -0.2508
vn 0.8386 0.4831 -0.2518
vn 0.9673 -0.0000 -0.2536
vn 0.8386 -0.4831 -0.2518
vn -0.0000 0.0040 1.0000
vn -0.0000 -0.0040 1.0000
vn -0.0000 -0.0081 -1.0000
vn -0.0000 0.0081 -1.0000
vn -0.6097 0.3520 0.7101
vn 0.5000 -0.8660 -0.0000
vn 1.0000 -0.0000 -0.0000
vn 0.5000 0.8660 -0.0000
vn -0.5000 0.8660 -0.0000
vn -1.0000 -0.0000 -0.0000
vn -0.5000 -0.8660 -0.0000
vn 0.2399 -0.9637 -0.1176
vn 0.7663 -0.6313 -0.1191
vn 0.6470 -0.6767 -0.3512
vn 0.1662 -0.8376 -0.5204
vn 0.9859 -0.1642 -0.0323
vn 0.9103 -0.3961 -0.1203
vn 0.7993 -0.5857 -0.1347
vn 0.5261 -0.6477 -0.5511
vn 0.1342 -0.5488 -0.8251
vn -0.2428 -0.9629 -0.1174
vn -0.2041 -0.8600 -0.4676
vn -0.6881 -0.6393 -0.3432
vn -0.7729 -0.6220 -0.1256
vn -0.1834 -0.6484 -0.7389
vn -0.5995 -0.6230 -0.5025
vn -0.8737 -0.4682 -0.1323
vn -0.9333 -0.3401 -0.1152
vn -0.9877 -0.1525 -0.0357
vn -0.1387 -0.6002 -0.7877
vn -0.1160 -0.8522 -0.5103
vn -0.4111 -0.8189 -0.4005
vn -0.5305 -0.6692 -0.5203
vn -0.1311 -0.9827 -0.1307
vn -0.5035 -0.8562 -0.1157
vn -0.7901 -0.6011 -0.1199
vn -0.2001 -0.1777 -0.9635
vn -0.1929 -0.6871 -0.7005
vn -0.6081 -0.5588 -0.5639
vn -0.7148 -0.1643 -0.6798
vn -0.1992 -0.9634 -0.1792
vn -0.7205 -0.6735 -0.1651
vn -0.9726 -0.1640 -0.1644
vn 0.1928 -0.9646 -0.1796
vn 0.1826 -0.6883 -0.7020
vn 0.6030 -0.5610 -0.5672
vn 0.7179 -0.6760 -0.1663
vn 0.1894 -0.1781 -0.9656
vn 0.7105 -0.1654 -0.6840
vn 0.9724 -0.1646 -0.1653
vn 0.0387 -0.4627 -0.8857
vn 0.3813 -0.6975 -0.6067
vn 0.1580 -0.8657 -0.4749
vn -0.0943 -0.8247 -0.5577
vn 0.6164 -0.7748 -0.1404
vn 0.2202 -0.9666 -0.1311
vn -0.1274 -0.9830 -0.1323
vn 0.1625 -0.6344 -0.7557
vn 0.4387 -0.7886 -0.4309
vn 0.3244 -0.8824 -0.3407
vn 0.1024 -0.8642 -0.4927
vn 0.5731 -0.8134 -0.0992
vn 0.3500 -0.9318 -0.0958
vn 0.0856 -0.9875 -0.1325
vn 0.2400 -0.9637 0.1172
vn 0.1661 -0.8383 0.5193
vn 0.6470 -0.6768 0.3512
vn 0.7663 -0.6313 0.1191
vn 0.1341 -0.5498 0.8245
vn 0.5261 -0.6477 0.5511
vn 0.7993 -0.5857 0.1347
vn 0.9103 -0.3961 0.1203
vn 0.9859 -0.1642 0.0323
vn -0.1834 -0.6482 0.7391
vn -0.2041 -0.8599 0.4678
vn -0.6881 -0.6393 0.3432
vn -0.5995 -0.6230 0.5025
vn -0.2429 -0.9629 0.1174
vn -0.7729 -0.6219 0.1256
vn -0.9877 -0.1525 0.0357
vn -0.9333 -0.3401 0.1152
vn -0.8737 -0.4682 0.1323
vn -0.7902 -0.6011 0.1198
vn -0.5036 -0.8562 0.1155
vn -0.4112 -0.8191 0.4001
vn -0.5305 -0.6693 0.5202
vn -0.1312 -0.9827 0.1304
vn -0.1160 -0.8524 0.5098
vn -0.1387 -0.6004 0.7876
vn -0.2006 -0.1776 0.9634
vn -0.7152 -0.1641 0.6794
vn -0.6088 -0.5585 0.5634
vn -0.1935 -0.6870 0.7005
vn -0.9727 -0.1640 0.1644
vn -0.7208 -0.6732 0.1650
vn -0.1995 -0.9634 0.1793
vn 0.1898 -0.1780 0.9655
vn 0.1831 -0.6882 0.7020
vn 0.6036 -0.5607 0.5668
vn 0.7109 -0.1653 0.6836
vn 0.1931 -0.9646 0.1797
vn 0.7182 -0.6758 0.1661
vn 0.9724 -0.1645 0.1652
vn 0.0386 -0.4624 0.8858
vn -0.0942 -0.8246 0.5578
vn 0.1580 -0.8657 0.4750
vn 0.3813 -0.6975 0.6068
vn -0.1274 -0.9830 0.1323
vn 0.2201 -0.9666 0.1311
vn 0.6164 -0.7748 0.1404
vn 0.0857 -0.9875 0.1322
vn 0.3501 -0.9318 0.0957
vn 0.3241 -0.8825 0.3408
vn 0.1022 -0.8644 0.4924
vn 0.5731 -0.8134 0.0994
vn 0.4383 -0.7886 0.4313
vn 0.1621 -0.6344 0.7558
vn -0.4196 -0.8980 -0.1321
vn -0.3405 -0.9320 -0.1242
vn -0.3440 -0.8289 -0.4411
vn -0.3982 -0.7891 -0.4678
vn -0.2088 -0.6193 -0.7568
vn -0.2881 -0.4832 -0.8267
vn -0.9840 -0.0000 -0.1782
vn -0.7288 -0.0000 -0.6847
vn -0.2173 -0.0000 -0.9761
vn 0.6246 -0.7810 -0.0000
vn 0.2399 -0.9708 -0.0000
vn -0.1098 -0.9939 -0.0000
vn 0.5799 -0.8147 -0.0000
vn 0.3659 -0.9307 -0.0000
vn 0.1080 -0.9942 -0.0000
vn 0.0751 -0.6463 -0.7594
vn 0.2507 -0.8317 -0.4953
vn 0.3391 -0.9292 -0.1466
vn -0.1574 -0.9875 -0.0000
vn -0.5312 -0.8473 -0.0000
vn -0.8097 -0.5869 -0.0000
vn -0.9149 -0.4038 -0.0000
vn -0.9710 -0.2389 -0.0000
vn -0.9976 -0.0692 -0.0000
vn 0.9961 -0.0882 -0.0000
vn 0.9520 -0.3062 -0.0000
vn 0.8316 -0.5554 -0.0000
vn -0.0062 -0.9896 -0.1434
vn -0.0161 -0.8641 -0.5030
vn -0.0822 -0.5418 -0.8365
vn 0.9839 -0.0000 -0.1789
vn 0.7248 -0.0000 -0.6889
vn 0.2069 -0.0000 -0.9784
vn -0.2880 -0.4829 0.8269
vn -0.2086 -0.6189 0.7573
vn -0.3440 -0.8288 0.4412
vn -0.3982 -0.7890 0.4679
vn -0.3405 -0.9320 0.1242
vn -0.4196 -0.8980 0.1321
vn -0.2176 0.0001 0.9760
vn -0.7291 0.0001 0.6844
vn -0.9840 -0.0000 0.1782
vn 0.3391 -0.9292 0.1467
vn 0.2505 -0.8316 0.4956
vn 0.0751 -0.6460 0.7596
vn -0.0820 -0.5427 0.8359
vn -0.0160 -0.8654 0.5009
vn -0.0062 -0.9898 0.1426
vn 0.2072 0.0001 0.9783
vn 0.7251 0.0001 0.6887
vn 0.9839 -0.0000 0.1789
vn -0.0056 -0.9906 -0.1365
vn -0.0123 -0.8790 -0.4767
vn 0.0014 -0.6371 -0.7707
vn 0.0015 -0.6373 0.7706
vn -0.0122 -0.8794 0.4759
vn -0.0056 -0.9907 0.1361
vn -0.4190 -0.9080 -0.0000
vn -0.3244 -0.9459 -0.0000
vn 0.3493 -0.9370 -0.0000
vn -0.2399 -0.9637 -0.1176
vn -0.1661 -0.8376 -0.5204
vn -0.6470 -0.6767 -0.3512
vn -0.7663 -0.6313 -0.1191
vn -0.9859 -0.1642 -0.0323
vn -0.9103 -0.3961 -0.1203
vn -0.7742 -0.6204 -0.1250
vn -0.5065 -0.6843 -0.5246
vn -0.1309 -0.5654 -0.8144
vn 0.2428 -0.9629 -0.1174
vn 0.7729 -0.6220 -0.1256
vn 0.6881 -0.6393 -0.3432
vn 0.2041 -0.8600 -0.4676
vn 0.1834 -0.6484 -0.7389
vn 0.5995 -0.6230 -0.5025
vn 0.8737 -0.4682 -0.1323
vn 0.9333 -0.3401 -0.1152
vn 0.9877 -0.1525 -0.0357
vn 0.1387 -0.6002 -0.7877
vn 0.5305 -0.6692 -0.5203
vn 0.4111 -0.8189 -0.4005
vn 0.1160 -0.8522 -0.5103
vn 0.1311 -0.9827 -0.1307
vn 0.5035 -0.8562 -0.1157
vn 0.7901 -0.6011 -0.1199
vn 0.2001 -0.1777 -0.9635
vn 0.7148 -0.1643 -0.6798
vn 0.6081 -0.5587 -0.5639
vn 0.1929 -0.6871 -0.7005
vn 0.1992 -0.9634 -0.1793
vn 0.7205 -0.6735 -0.1651
vn 0.9727 -0.1640 -0.1644
vn -0.1928 -0.9646 -0.1796
vn -0.7179 -0.6760 -0.1663
vn -0.6030 -0.5610 -0.5672
vn -0.1826 -0.6883 -0.7020
vn -0.1894 -0.1781 -0.9656
vn -0.7105 -0.1654 -0.6840
vn -0.9724 -0.1646 -0.1653
vn -0.0238 -0.4680 -0.8834
vn 0.1060 -0.8233 -0.5577
vn -0.1457 -0.8679 -0.4749
vn -0.3476 -0.7246 -0.5951
vn -0.5653 -0.8150 -0.1276
vn -0.2064 -0.9697 -0.1311
vn 0.1414 -0.9811 -0.1323
vn -0.1625 -0.6344 -0.7557
vn -0.1024 -0.8642 -0.4927
vn -0.3244 -0.8824 -0.3407
vn -0.4387 -0.7886 -0.4309
vn -0.5731 -0.8134 -0.0992
vn -0.3500 -0.9318 -0.0958
vn -0.0856 -0.9875 -0.1325
vn -0.2400 -0.9637 0.1172
vn -0.7664 -0.6313 0.1191
vn -0.6470 -0.6768 0.3512
vn -0.1661 -0.8383 0.5193
vn -0.1308 -0.5664 0.8137
vn -0.5065 -0.6843 0.5247
vn -0.7742 -0.6205 0.1250
vn -0.9103 -0.3961 0.1203
vn -0.9859 -0.1642 0.0323
vn 0.1834 -0.6482 0.7391
vn 0.5995 -0.6230 0.5025
vn 0.6881 -0.6393 0.3432
vn 0.2041 -0.8599 0.4678
vn 0.2429 -0.9629 0.1174
vn 0.7730 -0.6219 0.1256
vn 0.9877 -0.1525 0.0357
vn 0.9333 -0.3401 0.1152
vn 0.8737 -0.4682 0.1323
vn 0.7902 -0.6011 0.1199
vn 0.5305 -0.6693 0.5202
vn 0.4112 -0.8191 0.4001
vn 0.5036 -0.8562 0.1155
vn 0.1312 -0.9827 0.1304
vn 0.1160 -0.8524 0.5098
vn 0.1387 -0.6004 0.7876
vn 0.2006 -0.1776 0.9634
vn 0.1935 -0.6870 0.7005
vn 0.6088 -0.5585 0.5634
vn 0.7152 -0.1641 0.6793
vn 0.9727 -0.1640 0.1643
vn 0.7208 -0.6732 0.1650
vn 0.1994 -0.9634 0.1793
vn -0.1898 -0.1780 0.9655
vn -0.7109 -0.1653 0.6836
vn -0.6036 -0.5607 0.5668
vn -0.1831 -0.6882 0.7020
vn -0.1931 -0.9646 0.1797
vn -0.7182 -0.6757 0.1661
vn -0.9724 -0.1645 0.1652
vn -0.0238 -0.4677 0.8836
vn -0.3476 -0.7245 0.5952
vn -0.1457 -0.8678 0.4750
vn 0.1060 -0.8232 0.5578
vn 0.1414 -0.9811 0.1323
vn -0.2064 -0.9696 0.1311
vn -0.5653 -0.8150 0.1276
vn -0.0857 -0.9875 0.1322
vn -0.1022 -0.8644 0.4924
vn -0.3241 -0.8825 0.3408
vn -0.3501 -0.9318 0.0957
vn -0.5731 -0.8134 0.0994
vn -0.4383 -0.7886 0.4313
vn -0.1621 -0.6344 0.7558
vn 0.5128 -0.8489 -0.1282
vn 0.4898 -0.7446 -0.4534
vn 0.4478 -0.7873 -0.4238
vn 0.4397 -0.8903 -0.1186
vn 0.3809 -0.4441 -0.8110
vn 0.2670 -0.5805 -0.7692
vn 0.7288 -0.0000 -0.6847
vn 0.9840 -0.0000 -0.1782
vn 0.2173 -0.0000 -0.9761
vn -0.2261 -0.9741 -0.0000
vn -0.5726 -0.8198 -0.0000
vn 0.1240 -0.9923 -0.0000
vn -0.3659 -0.9307 -0.0000
vn -0.5799 -0.8147 -0.0000
vn -0.1080 -0.9942 -0.0000
vn -0.2507 -0.8317 -0.4953
vn -0.0751 -0.6463 -0.7594
vn -0.3391 -0.9292 -0.1466
vn 0.5312 -0.8473 -0.0000
vn 0.1574 -0.9875 -0.0000
vn 0.8097 -0.5868 -0.0000
vn 0.9710 -0.2389 -0.0000
vn 0.9149 -0.4037 -0.0000
vn 0.9976 -0.0692 -0.0000
vn -0.9520 -0.3062 -0.0000
vn -0.9961 -0.0882 -0.0000
vn -0.7981 -0.6026 -0.0000
vn 0.0062 -0.9896 -0.1434
vn 0.0161 -0.8641 -0.5030
vn 0.0766 -0.5296 -0.8448
vn -0.9839 -0.0000 -0.1789
vn -0.7248 -0.0000 -0.6889
vn -0.2069 -0.0000 -0.9784
vn 0.3808 -0.4438 0.8112
vn 0.4898 -0.7446 0.4536
vn 0.4478 -0.7873 0.4239
vn 0.2667 -0.5801 0.7696
vn 0.5128 -0.8489 0.1283
vn 0.4397 -0.8903 0.1186
vn 0.7291 0.0001 0.6844
vn 0.2176 0.0001 0.9760
vn 0.9840 -0.0000 0.1781
vn -0.2505 -0.8316 0.4956
vn -0.3391 -0.9292 0.1467
vn -0.0751 -0.6460 0.7596
vn 0.0765 -0.5306 0.8442
vn 0.0160 -0.8654 0.5009
vn 0.0062 -0.9898 0.1426
vn -0.2072 0.0001 0.9783
vn -0.7251 0.0001 0.6887
vn -0.9839 -0.0000 0.1789
vn 0.0056 -0.9906 -0.1365
vn 0.0123 -0.8790 -0.4767
vn -0.0014 -0.6371 -0.7707
vn -0.0015 -0.6373 0.7706
vn 0.0122 -0.8794 0.4759
vn 0.0056 -0.9907 0.1361
vn 0.5144 -0.8576 -0.0000
vn 0.4180 -0.9085 -0.0000
vn -0.3493 -0.9370 -0.0000
vn 0.9165 0.2200 -0.3340
vn -0.0123 -0.9999 0.0083
vn 0.7342 -0.6775 0.0451
vn 0.7825 -0.5631 0.2657
vn 0.0012 -0.9682 0.2503
vn -0.7825 -0.6222 0.0231
vn -0.7990 -0.5407 0.2630
vn -0.7657 -0.6431 -0.0000
vn -0.0277 -0.9996 -0.0003
vn 0.5691 -0.8223 -0.0007
vn -0.0133 0.9375 0.3477
vn -0.2850 0.8933 0.3476
vn -0.4110 0.8510 0.3269
vn -0.0090 0.9343 0.3564
vn 0.2424 0.9028 0.3552
vn 0.3940 0.8584 0.3284
vn 0.9212 -0.3809 0.0792
vn 0.9524 -0.1703 0.2529
vn -0.9644 -0.1146 0.2383
vn -0.9647 -0.2607 0.0369
vn -0.9288 -0.3635 0.0723
vn -0.9190 -0.3943 -0.0000
vn 0.0901 0.9735 0.2103
vn -0.0363 0.9079 0.4176
vn -0.8664 -0.4776 0.1454
vn -0.8757 -0.4828 -0.0000
vn 0.5772 0.7927 0.1959
vn 0.5886 0.8084 -0.0000
vn 0.3270 0.5961 0.7333
vn -0.1806 0.1876 0.9655
vn 0.8920 -0.4454 0.0773
vn 0.3352 -0.2025 0.9201
vn 0.6694 -0.2115 0.7122
vn 0.6439 -0.2121 0.7351
vn 0.9782 -0.2077 -0.0000
vn 0.8950 -0.4356 0.0966
vn 0.9137 -0.3936 0.1010
vn -0.1937 0.8583 0.4751
vn 0.0813 0.9965 -0.0203
vn 0.0425 0.9990 -0.0098
vn 0.0422 0.9991 -0.0098
vn 0.1672 0.9522 0.2558
vn 0.1835 0.9820 0.0456
vn 0.1829 0.9822 0.0429
vn 0.1708 0.9812 0.0899
vn 0.3721 -0.0780 -0.9249
vn 0.1250 0.9659 0.2268
vn 0.1638 0.9855 0.0449
vn 0.1451 0.9894 -0.0000
vn 0.1738 0.9848 -0.0000
vn -0.1678 -0.9857 -0.0184
vn -0.1608 -0.9860 -0.0445
vn -0.1662 -0.9858 -0.0245
vn 0.1737 0.9848 -0.0000
vn -0.1726 -0.9850 -0.0000
vn 0.0646 0.9810 0.1828
vn 0.1097 0.9940 -0.0000
vn 0.0918 0.9958 -0.0000
vn -0.3773 0.0644 -0.9238
vn -0.9107 0.1555 -0.3826
vn 0.9107 -0.1555 -0.3826
vn 0.3773 -0.0644 -0.9238
vn 0.4394 0.7657 0.4696
vn -0.7303 -0.4363 0.5256
vn -0.8827 -0.0000 0.4699
vn 0.8819 -0.0000 0.4713
vn 0.7283 -0.4384 0.5267
vn -0.0019 -0.8573 0.5148
vn -0.4432 0.7633 0.4700
vn 0.9243 0.2215 0.3109
vn -0.0106 -0.9999 -0.0083
vn 0.0022 -0.9682 -0.2501
vn 0.7813 -0.5650 -0.2653
vn 0.7307 -0.6812 -0.0439
vn -0.7825 -0.6222 -0.0231
vn -0.7990 -0.5407 -0.2630
vn -0.0122 0.9374 -0.3481
vn -0.0086 0.9343 -0.3564
vn -0.4110 0.8510 -0.3269
vn -0.2850 0.8933 -0.3476
vn 0.2452 0.9018 -0.3559
vn 0.3947 0.8583 -0.3279
vn 0.9181 -0.3887 -0.0770
vn 0.9511 -0.1765 -0.2536
vn -0.9644 -0.1146 -0.2382
vn -0.9647 -0.2607 -0.0369
vn -0.9288 -0.3635 -0.0723
vn -0.0363 0.9079 -0.4176
vn 0.0901 0.9735 -0.2103
vn -0.8664 -0.4776 -0.1454
vn 0.5772 0.7927 -0.1959
vn 0.3270 0.5961 -0.7333
vn -0.1806 0.1876 -0.9655
vn 0.9009 -0.4297 -0.0606
vn 0.3344 -0.2040 -0.9201
vn 0.6439 -0.2129 -0.7349
vn 0.6697 -0.2123 -0.7116
vn 0.8942 -0.4424 -0.0687
vn 0.9084 -0.4100 -0.0826
vn -0.1937 0.8583 -0.4751
vn 0.0030 1.0000 0.0008
vn 0.1690 0.9499 -0.2629
vn 0.1699 0.9802 -0.1015
vn 0.1840 0.9817 -0.0482
vn 0.1847 0.9815 -0.0513
vn 0.5354 -0.1924 0.8224
vn 0.1254 0.9652 -0.2297
vn 0.1625 0.9854 -0.0508
vn -0.1590 -0.9872 -0.0089
vn -0.1546 -0.9879 -0.0118
vn -0.1398 -0.9900 -0.0214
vn 0.0646 0.9810 -0.1828
vn -0.3773 0.0644 0.9238
vn -0.9107 0.1555 0.3826
vn 0.9107 -0.1555 0.3826
vn 0.3773 -0.0644 0.9238
vn 0.4394 0.7657 -0.4696
vn -0.8827 -0.0000 -0.4699
vn -0.7303 -0.4363 -0.5256
vn 0.7283 -0.4384 -0.5267
vn 0.8819 -0.0000 -0.4713
vn -0.0019 -0.8573 -0.5148
vn -0.4432 0.7633 -0.4700
vn -0.9165 0.2200 -0.3340
vn 0.0123 -0.9999 0.0083
vn -0.0012 -0.9682 0.2503
vn -0.7825 -0.5631 0.2657
vn -0.7342 -0.6775 0.0451
vn 0.7825 -0.6222 0.0231
vn 0.7990 -0.5407 0.2630
vn 0.7657 -0.6431 -0.0000
vn 0.0277 -0.9996 -0.0003
vn -0.5691 -0.8223 -0.0007
vn 0.0133 0.9375 0.3477
vn 0.0090 0.9343 0.3564
vn 0.4110 0.8510 0.3269
vn 0.2850 0.8933 0.3476
vn -0.2424 0.9028 0.3552
vn -0.3940 0.8584 0.3284
vn -0.9212 -0.3809 0.0792
vn -0.9524 -0.1703 0.2529
vn 0.9644 -0.1146 0.2383
vn 0.9647 -0.2607 0.0369
vn 0.9190 -0.3943 -0.0000
vn 0.9288 -0.3635 0.0723
vn 0.0363 0.9079 0.4176
vn -0.0901 0.9735 0.2103
vn 0.8757 -0.4828 -0.0000
vn 0.8664 -0.4776 0.1454
vn -0.5772 0.7927 0.1959
vn -0.5886 0.8084 -0.0000
vn -0.3270 0.5961 0.7333
vn 0.1806 0.1876 0.9655
vn -0.8920 -0.4454 0.0773
vn -0.3352 -0.2025 0.9201
vn -0.6439 -0.2121 0.7351
vn -0.6694 -0.2115 0.7122
vn -0.9782 -0.2077 -0.0000
vn -0.8950 -0.4356 0.0966
vn -0.9137 -0.3936 0.1010
vn 0.1937 0.8583 0.4751
vn -0.0814 0.9965 -0.0203
vn -0.0423 0.9991 -0.0098
vn -0.0425 0.9990 -0.0098
vn -0.1672 0.9522 0.2558
vn -0.1708 0.9812 0.0899
vn -0.1829 0.9822 0.0429
vn -0.1835 0.9820 0.0456
vn -0.3721 -0.0780 -0.9249
vn -0.1250 0.9659 0.2267
vn -0.1638 0.9855 0.0449
vn -0.1451 0.9894 -0.0000
vn -0.1738 0.9848 -0.0000
vn 0.1678 -0.9856 -0.0185
vn 0.1662 -0.9858 -0.0246
vn 0.1609 -0.9860 -0.0447
vn 0.1726 -0.9850 -0.0000
vn -0.0918 0.9958 -0.0000
vn -0.1097 0.9940 -0.0000
vn -0.0646 0.9810 0.1828
vn 0.3773 0.0644 -0.9238
vn 0.9107 0.1555 -0.3826
vn -0.9107 -0.1555 -0.3826
vn -0.3773 -0.0644 -0.9238
vn -0.4395 0.7657 0.4696
vn 0.8827 -0.0000 0.4699
vn 0.7303 -0.4363 0.5256
vn -0.7283 -0.4384 0.5267
vn -0.8819 -0.0000 0.4713
vn 0.0019 -0.8573 0.5148
vn 0.4432 0.7633 0.4700
vn -0.9243 0.2215 0.3109
vn 0.0106 -0.9999 -0.0083
vn -0.7307 -0.6812 -0.0439
vn -0.7813 -0.5650 -0.2653
vn -0.0022 -0.9682 -0.2501
vn 0.7825 -0.6222 -0.0231
vn 0.7990 -0.5407 -0.2630
vn 0.0122 0.9374 -0.3481
vn 0.2850 0.8933 -0.3476
vn 0.4110 0.8510 -0.3269
vn 0.0086 0.9343 -0.3564
vn -0.2452 0.9018 -0.3559
vn -0.3947 0.8583 -0.3279
vn -0.9181 -0.3887 -0.0770
vn -0.9511 -0.1765 -0.2536
vn 0.9644 -0.1146 -0.2383
vn 0.9647 -0.2607 -0.0369
vn 0.9288 -0.3635 -0.0723
vn -0.0901 0.9735 -0.2103
vn 0.0363 0.9079 -0.4176
vn 0.8664 -0.4776 -0.1454
vn -0.5772 0.7927 -0.1959
vn -0.3270 0.5961 -0.7333
vn 0.1806 0.1876 -0.9655
vn -0.9009 -0.4297 -0.0606
vn -0.3344 -0.2040 -0.9201
vn -0.6697 -0.2123 -0.7116
vn -0.6439 -0.2129 -0.7349
vn -0.8942 -0.4424 -0.0687
vn -0.9084 -0.4100 -0.0826
vn 0.1937 0.8583 -0.4751
vn -0.0031 1.0000 0.0008
vn -0.1690 0.9499 -0.2629
vn -0.1847 0.9815 -0.0513
vn -0.1840 0.9817 -0.0482
vn -0.1699 0.9802 -0.1015
vn -0.5353 -0.1924 0.8224
vn -0.1254 0.9652 -0.2297
vn -0.1625 0.9854 -0.0508
vn 0.1591 -0.9872 -0.0088
vn 0.1398 -0.9899 -0.0213
vn 0.1546 -0.9879 -0.0117
vn -0.0646 0.9810 -0.1828
vn 0.3773 0.0644 0.9238
vn 0.9107 0.1555 0.3826
vn -0.9107 -0.1555 0.3826
vn -0.3773 -0.0644 0.9238
vn -0.4395 0.7657 -0.4696
vn 0.7303 -0.4363 -0.5256
vn 0.8827 -0.0000 -0.4699
vn -0.8819 -0.0000 -0.4713
vn -0.7283 -0.4384 -0.5267
vn 0.0019 -0.8573 -0.5148
vn 0.4432 0.7633 -0.4700
vn 0.7068 0.2425 -0.6646
vn 0.0650 0.3552 -0.9325
vn 0.1322 0.7225 -0.6786
vn 0.6058 0.6359 -0.4782
vn 0.9804 0.1969 -0.0000
vn 0.7997 0.6004 -0.0000
vn 0.7068 0.2425 0.6646
vn 0.6058 0.6359 0.4782
vn 0.0650 0.3552 0.9325
vn 0.1322 0.7225 0.6786
vn -0.5752 0.4770 0.6646
vn -0.3414 0.8091 0.4782
vn -0.8472 0.5312 -0.0000
vn -0.5354 0.8446 -0.0000
vn -0.5752 0.4770 -0.6646
vn -0.3414 0.8091 -0.4782
vn 0.3764 -0.0689 -0.9239
vn 0.6903 -0.1263 -0.7124
vn -0.6903 0.1263 -0.7124
vn -0.3764 0.0689 -0.9239
vn 0.9088 -0.1662 -0.3827
vn 0.9088 -0.1662 0.3827
vn 0.6903 -0.1263 0.7124
vn 0.3764 -0.0689 0.9239
vn -0.3764 0.0689 0.9239
vn -0.6903 0.1263 0.7124
vn -0.9088 0.1662 0.3827
vn -0.9088 0.1662 -0.3827
vn 0.1799 0.9837 -0.0000
vn -0.5976 0.6374 -0.4865
vn -0.4687 0.8272 -0.3101
vn -0.1611 0.8806 -0.4457
vn -0.1322 0.7225 -0.6786
vn -0.7997 0.6004 -0.0000
vn -0.5896 0.8077 -0.0000
vn -0.5976 0.6374 0.4865
vn -0.4687 0.8272 0.3101
vn -0.1322 0.7225 0.6786
vn -0.1611 0.8806 0.4457
vn 0.3333 0.8076 0.4865
vn 0.1455 0.9395 0.3101
vn 0.5354 0.8446 -0.0000
vn 0.2655 0.9641 -0.0000
vn 0.3333 0.8076 -0.4865
vn 0.1455 0.9395 -0.3101
vn -0.3764 -0.0689 -0.9239
vn 0.6903 0.1263 -0.7124
vn -0.9088 -0.1662 -0.3827
vn -0.9837 -0.1799 -0.0000
vn -0.9088 -0.1662 0.3827
vn -0.3764 -0.0689 0.9239
vn 0.6903 0.1263 0.7124
vn 0.9088 0.1662 0.3827
vn 0.9088 0.1662 -0.3827
vn 0.4917 -0.0908 0.8660
vn 0.9834 -0.1817 -0.0000
vn 0.4917 -0.0908 -0.8660
vn -0.4917 0.0908 -0.8660
vn -0.9834 0.1817 -0.0000
vn -0.4917 0.0908 0.8660
vn -0.1817 -0.9834 -0.0000
vn -0.4917 -0.0908 0.8660
vn -0.9834 -0.1817 -0.0000
vn -0.4917 -0.0908 -0.8660
vn 0.4917 0.0908 -0.8660
vn 0.9834 0.1817 -0.0000
vn 0.4917 0.0908 0.8660
vn 0.1817 -0.9834 -0.0000
vn -0.5293 -0.0000 0.8484
vn -0.9994 -0.0001 -0.0341
vn -0.4701 -0.0000 -0.8826
vn 0.5293 -0.0000 -0.8484
vn 0.9994 0.0001 0.0341
vn 0.4701 -0.0000 0.8826
vn -0.0000 -1.0000 -0.0000
vn -0.8660 -0.0001 0.5000
vn -0.8660 -0.0000 -0.5000
vn 0.8660 0.0001 -0.5000
vn 0.8660 -0.0000 0.5000
vn -0.4669 -0.0000 0.8843
vn -0.9993 -0.0001 0.0378
vn -0.5323 -0.0000 -0.8465
vn 0.4669 -0.0000 -0.8843
vn 0.9993 0.0001 -0.0378
vn 0.5323 -0.0000 0.8465
vt 0.800387 0.513859
vt 0.751638 0.513223
vt 0.751779 0.452139
vt 0.800572 0.453147
vt 0.969805 0.970175
vt 0.992588 0.970175
vt 0.992588 0.957751
vt 0.969805 0.957751
vt 0.237097 0.699759
vt 0.185597 0.700185
vt 0.185597 0.683739
vt 0.237198 0.683702
vt 0.800695 0.435803
vt 0.751697 0.434987
vt 0.992588 0.946002
vt 0.969805 0.946002
vt 0.236656 0.759483
vt 0.185442 0.759623
vt 0.236456 0.822293
vt 0.185215 0.821838
vt 0.957699 0.957751
vt 0.957699 0.946002
vt 0.941190 0.946002
vt 0.941190 0.957751
vt 0.870810 0.957751
vt 0.870810 0.970175
vt 0.882668 0.970175
vt 0.882668 0.957751
vt 0.870810 0.946002
vt 0.882668 0.946002
vt 0.957699 0.970175
vt 0.941190 0.970175
vt 0.896320 0.957751
vt 0.896320 0.970175
vt 0.908559 0.970175
vt 0.908559 0.957751
vt 0.922015 0.970175
vt 0.922015 0.957751
vt 0.896320 0.946002
vt 0.908559 0.946002
vt 0.922015 0.946002
vt 0.808400 0.946002
vt 0.808400 0.957751
vt 0.800276 0.576147
vt 0.751518 0.576563
vt 0.800205 0.636887
vt 0.751431 0.637695
vt 0.709405 0.970175
vt 0.709405 0.957751
vt 0.686622 0.957751
vt 0.686622 0.970175
vt 0.236481 0.882047
vt 0.236471 0.898102
vt 0.184860 0.897756
vt 0.184972 0.881307
vt 0.800257 0.654226
vt 0.751281 0.654819
vt 0.709405 0.946002
vt 0.686622 0.946002
vt 0.721511 0.957751
vt 0.738020 0.957751
vt 0.738020 0.946002
vt 0.721511 0.946002
vt 0.796542 0.957751
vt 0.796542 0.970175
vt 0.808400 0.970175
vt 0.796542 0.946002
vt 0.721511 0.970175
vt 0.738020 0.970175
vt 0.782890 0.957751
vt 0.770651 0.957751
vt 0.770651 0.970175
vt 0.782890 0.970175
vt 0.757195 0.970175
vt 0.757195 0.957751
vt 0.782890 0.946002
vt 0.770651 0.946002
vt 0.757195 0.946002
vt 0.121837 0.689466
vt 0.158567 0.684931
vt 0.157832 0.896406
vt 0.121134 0.891647
vt 0.081724 0.701366
vt 0.081104 0.879504
vt 0.057015 0.713441
vt 0.056480 0.867279
vt 0.040378 0.732827
vt 0.039978 0.847792
vt 0.028105 0.755658
vt 0.027864 0.824887
vt 0.022615 0.776762
vt 0.022521 0.803750
vt 0.825804 0.652885
vt 0.826239 0.437263
vt 0.860699 0.648211
vt 0.861115 0.442092
vt 0.899215 0.636037
vt 0.899582 0.454436
vt 0.922857 0.623699
vt 0.923174 0.466878
vt 0.938608 0.603891
vt 0.938844 0.486756
vt 0.950087 0.580622
vt 0.950229 0.510076
vt 0.955207 0.559116
vt 0.955262 0.531605
vt 0.199730 0.512516
vt 0.199797 0.451796
vt 0.248574 0.450983
vt 0.248487 0.512106
vt 0.969921 0.970175
vt 0.969921 0.957751
vt 0.992743 0.957751
vt 0.992743 0.970175
vt 0.762905 0.701355
vt 0.762914 0.685303
vt 0.814511 0.685649
vt 0.814401 0.702093
vt 0.199744 0.434461
vt 0.248723 0.433861
vt 0.969921 0.946002
vt 0.992743 0.946002
vt 0.762944 0.761098
vt 0.814158 0.761535
vt 0.813972 0.823753
vt 0.762732 0.823908
vt 0.992861 0.957751
vt 0.005869 0.957751
vt 0.005987 0.946002
vt 0.992995 0.957751
vt 0.006004 0.957751
vt 0.993013 0.946002
vt 0.957797 0.957751
vt 0.941261 0.957751
vt 0.941261 0.946002
vt 0.957797 0.946002
vt 0.870769 0.957751
vt 0.882645 0.957751
vt 0.882645 0.970175
vt 0.870769 0.970175
vt 0.870769 0.946002
vt 0.882645 0.946002
vt 0.957797 0.970175
vt 0.941261 0.970175
vt 0.896320 0.957751
vt 0.908579 0.957751
vt 0.908579 0.970175
vt 0.896320 0.970175
vt 0.922056 0.970175
vt 0.922056 0.957751
vt 0.896320 0.946002
vt 0.908579 0.946002
vt 0.922056 0.946002
vt 0.992878 0.970175
vt 0.005852 0.970175
vt 0.808260 0.946002
vt 0.808260 0.957751
vt 0.248292 0.653696
vt 0.248208 0.636542
vt 0.248349 0.575449
vt 0.199579 0.574802
vt 0.199398 0.635534
vt 0.709108 0.970175
vt 0.686286 0.970175
vt 0.686286 0.957751
vt 0.709108 0.957751
vt 0.762303 0.883645
vt 0.813820 0.883215
vt 0.813819 0.899665
vt 0.762202 0.899704
vt 0.199277 0.652881
vt 0.686286 0.946002
vt 0.709108 0.946002
vt 0.006121 0.970175
vt 0.721232 0.957751
vt 0.721232 0.946002
vt 0.737768 0.946002
vt 0.737768 0.957751
vt 0.808260 0.970175
vt 0.796383 0.970175
vt 0.796383 0.957751
vt 0.796383 0.946002
vt 0.721232 0.970175
vt 0.737768 0.970175
vt 0.782708 0.957751
vt 0.782708 0.970175
vt 0.770450 0.970175
vt 0.770450 0.957751
vt 0.756973 0.970175
vt 0.756973 0.957751
vt 0.782708 0.946002
vt 0.770450 0.946002
vt 0.756973 0.946002
vt 0.878230 0.691749
vt 0.877586 0.893932
vt 0.840857 0.898474
vt 0.841531 0.686998
vt 0.918264 0.703885
vt 0.917696 0.882024
vt 0.942892 0.716105
vt 0.942401 0.869945
vt 0.959400 0.735589
vt 0.959033 0.850555
vt 0.971520 0.758492
vt 0.971300 0.827721
vt 0.976870 0.779628
vt 0.976784 0.806616
vt 0.173726 0.651423
vt 0.174201 0.435804
vt 0.138851 0.646589
vt 0.139305 0.440473
vt 0.100383 0.634240
vt 0.100784 0.452641
vt 0.076793 0.621794
vt 0.077139 0.464976
vt 0.061123 0.601915
vt 0.061381 0.484781
vt 0.049722 0.578593
vt 0.049877 0.508048
vt 0.044684 0.557064
vt 0.044744 0.529554
vt 0.021272 0.290042
vt 0.036925 0.231623
vt 0.032535 0.229083
vt 0.016200 0.290047
vt 0.040298 0.346529
vt 0.037250 0.348288
vt 0.081646 0.387876
vt 0.079886 0.390924
vt 0.138127 0.406529
vt 0.138127 0.403010
vt 0.194609 0.387876
vt 0.196368 0.390924
vt 0.235956 0.346529
vt 0.239004 0.348288
vt 0.254982 0.290042
vt 0.260054 0.290047
vt 0.239329 0.231624
vt 0.243719 0.229083
vt 0.194609 0.192218
vt 0.196368 0.189170
vt 0.138127 0.173565
vt 0.138127 0.177084
vt 0.081646 0.192218
vt 0.079886 0.189170
vt 0.138127 0.168120
vt 0.077163 0.184455
vt 0.199091 0.184455
vt 0.189943 0.379795
vt 0.183900 0.369328
vt 0.138127 0.381593
vt 0.138127 0.393679
vt 0.174305 0.352709
vt 0.138127 0.362403
vt 0.227875 0.341863
vt 0.217408 0.335820
vt 0.200789 0.326225
vt 0.241759 0.290047
vt 0.229673 0.290047
vt 0.210483 0.290047
vt 0.227875 0.238231
vt 0.217408 0.244274
vt 0.200789 0.253869
vt 0.048379 0.238231
vt 0.086311 0.200299
vt 0.058846 0.244274
vt 0.092354 0.210766
vt 0.075465 0.253869
vt 0.101949 0.227384
vt 0.189943 0.200299
vt 0.183900 0.210766
vt 0.174305 0.227384
vt 0.034495 0.290047
vt 0.046581 0.290047
vt 0.065771 0.290047
vt 0.138127 0.186415
vt 0.138127 0.198501
vt 0.138127 0.217691
vt 0.048379 0.341863
vt 0.058846 0.335820
vt 0.075465 0.326225
vt 0.086311 0.379795
vt 0.092354 0.369328
vt 0.101949 0.352709
vt 0.138127 0.237476
vt 0.111841 0.244416
vt 0.092860 0.263610
vt 0.085857 0.290047
vt 0.092860 0.316484
vt 0.111841 0.335678
vt 0.138127 0.342618
vt 0.164413 0.335678
vt 0.183394 0.316484
vt 0.190397 0.290047
vt 0.183394 0.263610
vt 0.164413 0.244416
vt 0.190982 0.198695
vt 0.138127 0.184605
vt 0.085272 0.198695
vt 0.091555 0.208845
vt 0.064334 0.240868
vt 0.046893 0.237085
vt 0.052943 0.290047
vt 0.032783 0.290047
vt 0.064334 0.339226
vt 0.046893 0.343009
vt 0.091555 0.371249
vt 0.085272 0.381399
vt 0.138127 0.380763
vt 0.138127 0.395489
vt 0.184699 0.371249
vt 0.190982 0.381399
vt 0.211920 0.339226
vt 0.229361 0.343009
vt 0.223312 0.290047
vt 0.243471 0.290047
vt 0.211920 0.240868
vt 0.229361 0.237085
vt 0.184699 0.208845
vt 0.138127 0.199331
vt 0.016200 0.290047
vt 0.032535 0.351011
vt 0.077163 0.395639
vt 0.138127 0.411974
vt 0.199091 0.395639
vt 0.243719 0.351011
vt 0.243719 0.229083
vt 0.138127 0.263697
vt 0.138127 0.290047
vt 0.138127 0.316397
vt 0.138127 0.243051
vt 0.138127 0.290047
vt 0.138127 0.337043
vt 0.428458 0.136604
vt 0.428458 0.151258
vt 0.423573 0.151258
vt 0.423573 0.136604
vt 0.418688 0.151258
vt 0.418688 0.136604
vt 0.413803 0.151258
vt 0.413803 0.136604
vt 0.408918 0.151258
vt 0.408918 0.136604
vt 0.404033 0.151258
vt 0.404033 0.136604
vt 0.399148 0.151258
vt 0.399148 0.136604
vt 0.292797 0.259937
vt 0.306545 0.283649
vt 0.346810 0.259359
vt 0.333552 0.283360
vt 0.333062 0.235647
vt 0.306055 0.235936
vt 0.766783 0.178845
vt 0.765697 0.180492
vt 0.764636 0.180488
vt 0.764636 0.177979
vt 0.730160 0.269399
vt 0.728715 0.267659
vt 0.729674 0.267082
vt 0.730910 0.267722
vt 0.727622 0.265250
vt 0.729293 0.263885
vt 0.769562 0.055926
vt 0.767998 0.055356
vt 0.767973 0.054312
vt 0.769979 0.054770
vt 0.766578 0.030290
vt 0.764636 0.030812
vt 0.764636 0.029437
vt 0.765623 0.028663
vt 0.769683 0.153376
vt 0.770166 0.154434
vt 0.768578 0.154909
vt 0.767988 0.153651
vt 0.725033 0.040662
vt 0.726481 0.038138
vt 0.727873 0.038138
vt 0.727035 0.041440
vt 0.728029 0.036114
vt 0.729068 0.038129
vt 0.785575 0.148736
vt 0.787394 0.148567
vt 0.787375 0.149193
vt 0.786355 0.149731
vt 0.716769 0.069777
vt 0.717233 0.067761
vt 0.718779 0.067649
vt 0.718925 0.069321
vt 0.717473 0.065236
vt 0.719492 0.066187
vt 0.796296 0.029405
vt 0.794796 0.029402
vt 0.794797 0.028385
vt 0.796298 0.027647
vt 0.790280 0.030401
vt 0.790290 0.028772
vt 0.791406 0.028777
vt 0.792219 0.030410
vt 0.754643 0.035881
vt 0.756652 0.035867
vt 0.756633 0.037023
vt 0.754621 0.037885
vt 0.790071 0.178937
vt 0.792219 0.178941
vt 0.792219 0.179893
vt 0.790059 0.180589
vt 0.796074 0.179522
vt 0.796073 0.181096
vt 0.795222 0.181096
vt 0.794598 0.179518
vt 0.755779 0.269405
vt 0.755776 0.267721
vt 0.757045 0.267721
vt 0.757917 0.269407
vt 0.790148 0.067006
vt 0.790922 0.066069
vt 0.791629 0.066451
vt 0.791653 0.067424
vt 0.721821 0.224794
vt 0.721684 0.222439
vt 0.723102 0.222210
vt 0.723660 0.224133
vt 0.721461 0.220529
vt 0.723382 0.220899
vt 0.786198 0.127598
vt 0.787496 0.126987
vt 0.787938 0.127542
vt 0.787986 0.128193
vt 0.716086 0.109646
vt 0.714896 0.107595
vt 0.716352 0.107569
vt 0.717840 0.109114
vt 0.714793 0.105584
vt 0.716685 0.106574
vt 0.790072 0.178830
vt 0.792219 0.177958
vt 0.792219 0.179534
vt 0.791158 0.180495
vt 0.768981 0.151937
vt 0.769442 0.153074
vt 0.767870 0.153822
vt 0.767249 0.152489
vt 0.728713 0.267660
vt 0.729744 0.267716
vt 0.729293 0.263885
vt 0.730920 0.267721
vt 0.769163 0.057054
vt 0.767239 0.056785
vt 0.767220 0.055891
vt 0.769680 0.056040
vt 0.790279 0.030284
vt 0.791232 0.028664
vt 0.792219 0.028659
vt 0.792219 0.030812
vt 0.726480 0.038138
vt 0.727742 0.038647
vt 0.729070 0.038129
vt 0.725033 0.040662
vt 0.727024 0.041484
vt 0.717473 0.065236
vt 0.717233 0.067761
vt 0.718748 0.067963
vt 0.719491 0.066190
vt 0.716769 0.069777
vt 0.718925 0.069322
vt 0.787206 0.061571
vt 0.788093 0.060602
vt 0.789109 0.060856
vt 0.789265 0.061735
vt 0.796020 0.029407
vt 0.796022 0.027647
vt 0.795134 0.027647
vt 0.794483 0.029402
vt 0.754643 0.035881
vt 0.754622 0.037885
vt 0.755779 0.037874
vt 0.756652 0.035868
vt 0.766575 0.030398
vt 0.764636 0.030400
vt 0.764636 0.029473
vt 0.766565 0.028791
vt 0.795798 0.179524
vt 0.794286 0.179521
vt 0.794285 0.180427
vt 0.795797 0.181096
vt 0.766783 0.178933
vt 0.766796 0.180608
vt 0.765552 0.180613
vt 0.764636 0.178936
vt 0.755779 0.269405
vt 0.757917 0.269407
vt 0.757953 0.268435
vt 0.755777 0.267721
vt 0.791741 0.141155
vt 0.793412 0.140753
vt 0.793523 0.141354
vt 0.792583 0.142072
vt 0.721461 0.220529
vt 0.723124 0.222612
vt 0.723382 0.220899
vt 0.721821 0.224794
vt 0.723660 0.224134
vt 0.714793 0.105584
vt 0.714896 0.107595
vt 0.716445 0.107707
vt 0.716685 0.106568
vt 0.716086 0.109646
vt 0.717834 0.109107
vt 0.787819 0.082147
vt 0.789850 0.081571
vt 0.789865 0.082084
vt 0.789335 0.082745
vt 0.720461 0.178385
vt 0.725716 0.145627
vt 0.728318 0.145626
vt 0.722341 0.178290
vt 0.787182 0.091569
vt 0.783451 0.107696
vt 0.781373 0.107679
vt 0.785380 0.091547
vt 0.754862 0.020999
vt 0.756892 0.020995
vt 0.807455 0.027647
vt 0.807453 0.029405
vt 0.696729 0.224723
vt 0.696712 0.222439
vt 0.696698 0.220529
vt 0.695896 0.109423
vt 0.695881 0.107471
vt 0.695867 0.105480
vt 0.780980 0.121477
vt 0.783291 0.121693
vt 0.727883 0.121550
vt 0.725379 0.122004
vt 0.695610 0.070104
vt 0.695596 0.068113
vt 0.695577 0.065561
vt 0.728318 0.123013
vt 0.783108 0.120923
vt 0.695397 0.040688
vt 0.695378 0.038136
vt 0.695364 0.036120
vt 0.697053 0.267782
vt 0.697039 0.265902
vt 0.697021 0.263617
vt 0.766687 0.110843
vt 0.764659 0.110567
vt 0.768683 0.100254
vt 0.770644 0.100370
vt 0.755488 0.282171
vt 0.757436 0.282175
vt 0.807253 0.181096
vt 0.807255 0.179522
vt 0.786994 0.117228
vt 0.782966 0.101551
vt 0.785433 0.101534
vt 0.789058 0.117240
vt 0.722341 0.178290
vt 0.728318 0.145626
vt 0.725716 0.145627
vt 0.720461 0.178385
vt 0.807454 0.029407
vt 0.807455 0.027647
vt 0.756892 0.020995
vt 0.754861 0.020999
vt 0.725379 0.122004
vt 0.727881 0.121548
vt 0.785261 0.087904
vt 0.782565 0.088114
vt 0.785105 0.088653
vt 0.728318 0.123012
vt 0.770254 0.108700
vt 0.767930 0.108821
vt 0.792199 0.110530
vt 0.790179 0.110726
vt 0.807254 0.179524
vt 0.755488 0.282171
vt 0.766655 0.068292
vt 0.764642 0.067530
vt 0.768488 0.129337
vt 0.770463 0.129384
vt 0.770006 0.080368
vt 0.767757 0.080400
vt 0.792213 0.067445
vt 0.790206 0.068152
vt 0.732613 0.282119
vt 0.697160 0.282039
vt 0.696382 0.178385
vt 0.696165 0.145627
vt 0.695983 0.121145
vt 0.695255 0.021130
vt 0.416107 0.145187
vt 0.416191 0.152952
vt 0.402997 0.152046
vt 0.365184 0.132749
vt 0.364841 0.142896
vt 0.316412 0.140786
vt 0.314995 0.131641
vt 0.088552 0.141993
vt 0.088550 0.155102
vt 0.037221 0.155272
vt 0.038974 0.142430
vt 0.138746 0.141030
vt 0.138768 0.155272
vt 0.416134 0.133496
vt 0.343441 0.133972
vt 0.340922 0.161092
vt 0.277556 0.147909
vt 0.307907 0.124251
vt 0.334094 0.096117
vt 0.273867 0.120805
vt 0.363589 0.161494
vt 0.313970 0.150076
vt 0.036940 0.129257
vt 0.088390 0.117079
vt 0.130148 0.068088
vt 0.138669 0.068316
vt 0.394907 0.159816
vt 0.394907 0.169038
vt 0.117373 0.052744
vt 0.138638 0.052020
vt 0.548063 0.042246
vt 0.550758 0.052712
vt 0.516663 0.052771
vt 0.516663 0.043293
vt 0.542043 0.033906
vt 0.516663 0.036666
vt 0.531346 0.025101
vt 0.516663 0.032105
vt 0.429976 0.149916
vt 0.445903 0.161137
vt 0.430333 0.175632
vt 0.422779 0.160454
vt 0.413134 0.179713
vt 0.412960 0.164417
vt 0.400016 0.165391
vt 0.402992 0.177695
vt 0.398194 0.177177
vt 0.538357 0.065157
vt 0.543146 0.053459
vt 0.544104 0.053493
vt 0.539809 0.065117
vt 0.421470 0.158821
vt 0.427580 0.149290
vt 0.533500 0.078153
vt 0.534049 0.078274
vt 0.394907 0.135913
vt 0.364966 0.083025
vt 0.371585 0.083647
vt 0.399639 0.133312
vt 0.414932 0.137238
vt 0.414774 0.133559
vt 0.375000 0.687204
vt 0.412947 0.162717
vt 0.394907 0.155216
vt 0.414790 0.154933
vt 0.415003 0.164061
vt 0.418046 0.155269
vt 0.421106 0.149092
vt 0.412935 0.157418
vt 0.412586 0.134296
vt 0.423030 0.138129
vt 0.418943 0.142379
vt 0.412648 0.139458
vt 0.304966 0.130632
vt 0.306714 0.142991
vt 0.293706 0.142518
vt 0.292472 0.136704
vt 0.025036 0.142584
vt 0.023618 0.136289
vt 0.301460 0.144764
vt 0.303041 0.140362
vt 0.023750 0.148727
vt 0.208144 0.052891
vt 0.154855 0.071627
vt 0.142846 0.012298
vt 0.167795 0.000672
vt 0.301973 0.135979
vt 0.429216 0.152045
vt 0.467096 0.132757
vt 0.517394 0.131641
vt 0.515969 0.140804
vt 0.467443 0.142880
vt 0.188942 0.141833
vt 0.238521 0.142113
vt 0.240315 0.154950
vt 0.188986 0.154943
vt 0.489231 0.130569
vt 0.518780 0.122688
vt 0.556010 0.151860
vt 0.493633 0.162390
vt 0.491612 0.094503
vt 0.551822 0.116728
vt 0.468605 0.161516
vt 0.518398 0.150113
vt 0.240514 0.128934
vt 0.189025 0.116919
vt 0.147189 0.068061
vt 0.433363 0.168497
vt 0.433363 0.159480
vt 0.159915 0.052732
vt 0.548096 0.063197
vt 0.516663 0.062263
vt 0.542102 0.071580
vt 0.516663 0.068926
vt 0.531434 0.080463
vt 0.516663 0.073529
vt 0.395462 0.150375
vt 0.403062 0.160607
vt 0.395891 0.175997
vt 0.379770 0.161730
vt 0.432171 0.165343
vt 0.429023 0.177602
vt 0.428589 0.176697
vt 0.539578 0.041500
vt 0.540625 0.041599
vt 0.397835 0.149608
vt 0.404333 0.158931
vt 0.533500 0.028949
vt 0.534082 0.028813
vt 0.433363 0.135913
vt 0.428408 0.133312
vt 0.454365 0.082931
vt 0.460886 0.082027
vt 0.433363 0.154666
vt 0.404230 0.149280
vt 0.407714 0.155165
vt 0.406409 0.142562
vt 0.402203 0.138372
vt 0.527193 0.132720
vt 0.539749 0.138665
vt 0.538574 0.144491
vt 0.525571 0.145097
vt 0.253858 0.135924
vt 0.252460 0.142224
vt 0.529365 0.140387
vt 0.530942 0.144800
vt 0.253765 0.148362
vt 0.158586 0.952400
vt 0.112618 0.999941
vt 0.089057 0.985600
vt 0.107586 0.927840
vt 0.530440 0.135995
vt 0.860077 0.397991
vt 0.876945 0.397991
vt 0.876945 0.405928
vt 0.860077 0.405928
vt 0.843208 0.397991
vt 0.843208 0.405928
vt 0.961287 0.397991
vt 0.978155 0.397991
vt 0.978155 0.405928
vt 0.961287 0.405928
vt 0.944419 0.397991
vt 0.944419 0.405928
vt 0.927550 0.397991
vt 0.927550 0.405928
vt 0.910682 0.397991
vt 0.910682 0.405928
vt 0.893813 0.397991
vt 0.893813 0.405928
vt 0.876945 0.343264
vt 0.860077 0.343264
vt 0.893813 0.343264
vt 0.843208 0.343264
vt 0.978155 0.343264
vt 0.961287 0.343264
vt 0.944419 0.343264
vt 0.927550 0.343264
vt 0.910682 0.343264
vt 0.509013 0.254415
vt 0.520903 0.224968
vt 0.550132 0.212553
vt 0.579579 0.224443
vt 0.591994 0.253672
vt 0.580105 0.283119
vt 0.550875 0.295534
vt 0.521428 0.283645
s 1
usemtl Material.001
f 7/1/1 8/2/2 5/3/3 6/4/4
f 13/5/5 14/6/6 11/7/7 12/8/8
f 1/9/9 2/10/10 9/11/11 10/12/12
f 13/13/5 6/4/4 5/3/3 14/14/6
f 12/8/8 11/7/7 10/15/12 9/16/11
f 3/17/13 4/18/14 2/10/10 1/9/9
f 3/17/13 38/19/15 39/20/16 4/18/14
f 24/21/17 16/22/18 15/23/19 23/24/20
f 20/25/21 26/26/22 25/27/23 19/28/24
f 17/29/25 20/25/21 19/28/24 18/30/26
f 21/31/27 24/21/17 23/24/20 22/32/28
f 32/33/29 34/34/30 33/35/31 31/36/32
f 35/37/33 30/38/34 31/36/32 33/35/31
f 29/39/35 32/33/29 31/36/32 27/40/36
f 30/38/34 28/41/37 27/40/36 31/36/32
f 30/38/34 23/24/20 15/23/19 28/41/37
f 24/21/17 12/8/8 9/16/11 16/22/18
f 29/39/35 18/30/26 19/28/24 32/33/29
f 32/33/29 19/28/24 25/27/23 34/34/30
f 35/37/33 22/32/28 23/24/20 30/38/34
f 21/31/27 13/5/5 12/8/8 24/21/17
f 52/42/38 55/43/39 20/25/21 17/29/25
f 7/1/1 42/44/40 43/45/41 8/2/2
f 42/44/40 41/46/42 40/47/43 43/45/41
f 48/48/44 47/49/45 46/50/46 49/51/47
f 36/52/48 45/53/49 44/54/50 37/55/51
f 48/56/44 49/57/47 40/47/43 41/46/42
f 47/49/45 44/58/50 45/59/49 46/50/46
f 38/19/15 36/52/48 37/55/51 39/20/16
f 59/60/52 58/61/53 50/62/54 51/63/55
f 55/43/39 54/64/56 60/65/57 61/66/58
f 52/42/38 53/67/59 54/64/56 55/43/39
f 56/68/60 57/69/61 58/61/53 59/60/52
f 67/70/62 66/71/63 68/72/64 69/73/65
f 70/74/66 68/72/64 66/71/63 65/75/67
f 64/76/68 62/77/69 66/71/63 67/70/62
f 65/75/67 66/71/63 62/77/69 63/78/70
f 65/75/67 63/78/70 50/62/54 58/61/53
f 59/60/52 51/63/55 44/58/50 47/49/45
f 64/76/68 67/70/62 54/64/56 53/67/59
f 67/70/62 69/73/65 60/65/57 54/64/56
f 70/74/66 65/75/67 58/61/53 57/69/61
f 56/68/60 59/60/52 47/49/45 48/48/44
f 15/79/19 16/80/18 51/81/55 50/82/54
f 28/83/37 15/79/19 50/82/54 63/84/70
f 27/85/36 28/83/37 63/84/70 62/86/69
f 29/87/35 27/85/36 62/86/69 64/88/68
f 18/89/26 29/87/35 64/88/68 53/90/59
f 17/91/25 18/89/26 53/90/59 52/92/38
f 55/43/39 61/66/58 26/26/22 20/25/21
f 9/11/11 2/10/10 16/80/18
f 44/54/50 51/81/55 37/55/51
f 37/55/51 51/81/55 39/20/16
f 2/10/10 4/18/14 16/80/18
f 39/20/16 51/81/55 16/80/18 4/18/14
f 48/56/44 41/46/42 56/93/60
f 13/13/5 21/94/27 6/4/4
f 7/1/1 6/4/4 21/94/27
f 42/44/40 56/93/60 41/46/42
f 42/44/40 7/1/1 21/94/27 56/93/60
f 57/95/61 56/93/60 21/94/27 22/96/28
f 70/97/66 57/95/61 22/96/28 35/98/33
f 68/99/64 70/97/66 35/98/33 33/100/31
f 69/101/65 68/99/64 33/100/31 34/102/30
f 60/103/57 69/101/65 34/102/30 25/104/23
f 61/105/58 60/103/57 25/104/23 26/106/22
f 77/107/71 76/108/72 75/109/73 78/110/74
f 83/111/75 82/112/76 81/113/77 84/114/78
f 71/115/79 80/116/80 79/117/81 72/118/82
f 83/119/75 84/120/78 75/109/73 76/108/72
f 82/112/76 79/121/81 80/122/80 81/113/77
f 73/123/83 71/115/79 72/118/82 74/124/84
f 73/123/83 74/124/84 109/125/85 108/126/86
f 10/12/12 80/116/80 71/115/79 1/9/9
f 3/17/13 1/9/9 71/115/79 73/123/83
f 5/3/3 8/2/2 78/110/74 75/109/73
f 14/14/6 5/3/3 75/109/73 84/120/78
f 10/122/12 11/127/7 81/128/77 80/129/80
f 46/130/46 116/131/87 119/129/88 49/132/47
f 94/133/89 93/134/90 85/135/91 86/136/92
f 90/137/93 89/138/94 95/139/95 96/140/96
f 87/141/97 88/142/98 89/138/94 90/137/93
f 91/143/99 92/144/100 93/134/90 94/133/89
f 102/145/101 101/146/102 103/147/103 104/148/104
f 105/149/105 103/147/103 101/146/102 100/150/106
f 99/151/107 97/152/108 101/146/102 102/145/101
f 100/150/106 101/146/102 97/152/108 98/153/109
f 100/150/106 98/153/109 85/135/91 93/134/90
f 94/133/89 86/136/92 79/121/81 82/112/76
f 99/151/107 102/145/101 89/138/94 88/142/98
f 102/145/101 104/148/104 95/139/95 89/138/94
f 105/149/105 100/150/106 93/134/90 92/144/100
f 91/143/99 94/133/89 82/112/76 83/111/75
f 14/154/6 84/155/78 81/128/77 11/127/7
f 122/156/110 87/141/97 90/137/93 125/157/111
f 40/47/43 49/57/47 119/158/88 110/159/112
f 77/107/71 78/110/74 113/160/113 112/161/114
f 112/161/114 113/160/113 110/159/112 111/162/115
f 118/163/116 119/164/88 116/165/87 117/166/117
f 106/167/118 107/168/119 114/169/120 115/170/121
f 118/171/116 111/162/115 110/159/112 119/158/88
f 117/166/117 116/165/87 115/172/121 114/173/120
f 108/126/86 109/125/85 107/168/119 106/167/118
f 36/52/48 106/167/118 115/170/121 45/53/49
f 36/52/48 38/19/15 108/126/86 106/167/118
f 43/45/41 40/47/43 110/159/112 113/160/113
f 43/45/41 113/160/113 78/110/74 8/2/2
f 46/130/46 45/154/49 115/174/121 116/131/87
f 38/19/15 3/17/13 73/123/83 108/126/86
f 129/175/122 121/176/123 120/177/124 128/178/125
f 125/157/111 131/179/126 130/180/127 124/181/128
f 122/156/110 125/157/111 124/181/128 123/182/129
f 126/183/130 129/175/122 128/178/125 127/184/131
f 137/185/132 139/186/133 138/187/134 136/188/135
f 140/189/136 135/190/137 136/188/135 138/187/134
f 134/191/138 137/185/132 136/188/135 132/192/139
f 135/190/137 133/193/140 132/192/139 136/188/135
f 135/190/137 128/178/125 120/177/124 133/193/140
f 129/175/122 117/166/117 114/173/120 121/176/123
f 134/191/138 123/182/129 124/181/128 137/185/132
f 137/185/132 124/181/128 130/180/127 139/186/133
f 140/189/136 127/184/131 128/178/125 135/190/137
f 126/183/130 118/163/116 117/166/117 129/175/122
f 85/194/91 120/195/124 121/196/123 86/197/92
f 98/198/109 133/199/140 120/195/124 85/194/91
f 97/200/108 132/201/139 133/199/140 98/198/109
f 99/202/107 134/203/138 132/201/139 97/200/108
f 88/204/98 123/205/129 134/203/138 99/202/107
f 87/206/97 122/207/110 123/205/129 88/204/98
f 125/157/111 90/137/93 96/140/96 131/179/126
f 79/117/81 86/197/92 72/118/82
f 114/169/120 107/168/119 121/196/123
f 107/168/119 109/125/85 121/196/123
f 72/118/82 86/197/92 74/124/84
f 109/125/85 74/124/84 86/197/92 121/196/123
f 118/171/116 126/208/130 111/162/115
f 83/119/75 76/108/72 91/209/99
f 77/107/71 91/209/99 76/108/72
f 112/161/114 111/162/115 126/208/130
f 112/161/114 126/208/130 91/209/99 77/107/71
f 127/210/131 92/211/100 91/209/99 126/208/130
f 140/212/136 105/213/105 92/211/100 127/210/131
f 138/214/134 103/215/103 105/213/105 140/212/136
f 139/216/133 104/217/104 103/215/103 138/214/134
f 130/218/127 95/219/95 104/217/104 139/216/133
f 131/220/126 96/221/96 95/219/95 130/218/127
f 142/222/141 141/223/142 193/224/143 192/225/144
f 143/226/145 142/222/141 192/225/144 191/227/146
f 144/228/147 143/226/145 191/227/146 190/229/148
f 144/228/147 190/229/148 189/230/149 196/231/150
f 145/232/151 196/231/150 189/230/149 188/233/152
f 146/234/153 145/232/151 188/233/152 187/235/154
f 147/236/155 146/234/153 187/235/154 186/237/156
f 148/238/157 147/236/155 186/237/156 185/239/158
f 149/240/159 148/238/157 185/239/158 184/241/160
f 149/240/159 184/241/160 195/242/161 197/243/162
f 198/244/163 197/243/162 195/242/161 194/245/164
f 195/242/161 150/246/165 151/247/166 194/245/164
f 184/241/160 161/248/167 150/246/165 195/242/161
f 178/249/168 179/250/169 226/251/170 199/252/171
f 179/250/169 216/253/172 203/254/173 226/251/170
f 146/234/153 176/255/174 178/249/168 145/232/151
f 176/255/174 177/256/175 179/250/169 178/249/168
f 177/256/175 223/257/176 216/253/172 179/250/169
f 147/236/155 174/258/177 176/255/174 146/234/153
f 174/258/177 175/259/178 177/256/175 176/255/174
f 175/259/178 219/260/179 223/257/176 177/256/175
f 148/238/157 172/261/180 174/258/177 147/236/155
f 172/261/180 173/262/181 175/259/178 174/258/177
f 173/262/181 215/263/182 219/260/179 175/259/178
f 141/223/142 170/264/183 201/265/184 198/244/163
f 170/264/183 171/266/185 218/267/186 201/265/184
f 171/266/185 225/268/187 202/269/188 218/267/186
f 149/240/159 168/270/189 172/261/180 148/238/157
f 168/270/189 169/271/190 173/262/181 172/261/180
f 169/271/190 222/272/191 215/263/182 173/262/181
f 142/222/141 166/273/192 170/264/183 141/223/142
f 166/273/192 167/274/193 171/266/185 170/264/183
f 167/274/193 220/275/194 225/268/187 171/266/185
f 198/244/163 201/265/184 200/276/195 197/243/162
f 201/265/184 218/267/186 221/277/196 200/276/195
f 218/267/186 202/269/188 180/278/197 221/277/196
f 197/243/162 200/276/195 168/270/189 149/240/159
f 200/276/195 221/277/196 169/271/190 168/270/189
f 221/277/196 180/278/197 222/272/191 169/271/190
f 143/226/145 164/279/198 166/273/192 142/222/141
f 164/279/198 165/280/199 167/274/193 166/273/192
f 165/280/199 217/281/200 220/275/194 167/274/193
f 144/228/147 162/282/201 164/279/198 143/226/145
f 162/282/201 163/283/202 165/280/199 164/279/198
f 163/283/202 224/284/203 217/281/200 165/280/199
f 196/231/150 199/252/171 162/282/201 144/228/147
f 199/252/171 226/251/170 163/283/202 162/282/201
f 226/251/170 203/254/173 224/284/203 163/283/202
f 181/285/204 180/278/197 202/269/188 204/286/205
f 205/287/206 204/286/205 202/269/188 225/268/187
f 206/288/207 205/287/206 225/268/187 220/275/194
f 207/289/208 206/288/207 220/275/194 217/281/200
f 208/290/209 207/289/208 217/281/200 224/284/203
f 209/291/210 208/290/209 224/284/203 203/254/173
f 210/292/211 209/291/210 203/254/173 216/253/172
f 211/293/212 210/292/211 216/253/172 223/257/176
f 212/294/213 211/293/212 223/257/176 219/260/179
f 213/295/214 212/294/213 219/260/179 215/263/182
f 214/296/215 213/295/214 215/263/182 222/272/191
f 181/285/204 214/296/215 222/272/191 180/278/197
f 161/248/167 183/297/216 238/298/217 150/246/165
f 239/299/218 227/300/219 228/301/220 240/302/221
f 240/302/221 228/301/220 229/303/222 241/304/223
f 241/304/223 229/303/222 230/305/224 242/306/225
f 242/306/225 230/305/224 231/307/226 243/308/227
f 243/308/227 231/307/226 232/309/228 244/310/229
f 244/310/229 232/309/228 233/311/230 245/312/231
f 245/312/231 233/311/230 234/313/232 246/314/233
f 246/314/233 234/313/232 235/315/234 247/316/235
f 247/316/235 235/315/234 236/317/236 248/318/237
f 183/297/216 248/318/237 236/317/236 237/319/238
f 183/297/216 237/319/238 182/320/239 238/298/217
f 150/246/165 238/298/217 239/299/218 151/247/166
f 151/247/166 239/299/218 240/302/221 152/224/240
f 152/224/240 240/302/221 241/304/223 153/321/241
f 153/321/241 241/304/223 242/306/225 154/322/242
f 154/322/242 242/306/225 243/308/227 155/323/243
f 155/323/243 243/308/227 244/310/229 156/324/244
f 156/324/244 244/310/229 245/312/231 157/325/245
f 157/325/245 245/312/231 246/314/233 158/326/246
f 158/326/246 246/314/233 247/316/235 159/237/247
f 159/237/247 247/316/235 248/318/237 160/327/248
f 160/327/248 248/318/237 183/297/216 161/248/167
f 238/298/217 182/320/239 227/300/219 239/299/218
f 185/239/158 160/327/248 161/248/167 184/241/160
f 186/237/156 159/237/247 160/327/248 185/239/158
f 187/235/154 158/326/246 159/237/247 186/237/156
f 188/233/152 157/325/245 158/326/246 187/235/154
f 189/230/149 156/324/244 157/325/245 188/233/152
f 190/229/148 155/323/243 156/324/244 189/230/149
f 191/227/146 154/322/242 155/323/243 190/229/148
f 192/225/144 153/321/241 154/322/242 191/227/146
f 193/224/143 152/224/240 153/321/241 192/225/144
f 194/245/164 151/247/166 152/224/240 193/224/143
f 145/232/151 178/249/168 199/252/171 196/231/150
f 198/244/163 194/245/164 193/224/143 141/223/142
f 204/286/205 205/287/206 249/328/249 181/285/204
f 181/285/204 249/328/249 213/295/214 214/296/215
f 205/287/206 206/288/207 250/329/250 249/328/249
f 249/328/249 250/329/250 212/294/213 213/295/214
f 206/288/207 207/289/208 251/330/251 250/329/250
f 250/329/250 251/330/251 211/293/212 212/294/213
f 207/289/208 208/290/209 209/291/210 251/330/251
f 251/330/251 209/291/210 210/292/211 211/293/212
f 182/320/239 237/319/238 236/317/236 252/331/252
f 252/331/252 236/317/236 235/315/234 253/332/253
f 253/332/253 235/315/234 234/313/232 254/333/254
f 254/333/254 234/313/232 233/311/230 232/309/228
f 227/300/219 182/320/239 252/331/252 228/301/220
f 228/301/220 252/331/252 253/332/253 229/303/222
f 229/303/222 253/332/253 254/333/254 230/305/224
f 230/305/224 254/333/254 232/309/228 231/307/226
f 256/222/255 306/225/256 307/224/257 255/223/258
f 257/226/259 305/227/260 306/225/256 256/222/255
f 258/228/261 304/229/262 305/227/260 257/226/259
f 258/228/261 310/231/263 303/230/264 304/229/262
f 259/232/265 302/233/266 303/230/264 310/231/263
f 260/234/267 301/235/268 302/233/266 259/232/265
f 261/236/269 300/237/270 301/235/268 260/234/267
f 262/238/271 299/239/272 300/237/270 261/236/269
f 263/240/273 298/241/274 299/239/272 262/238/271
f 263/240/273 311/243/275 309/242/276 298/241/274
f 312/244/277 308/245/278 309/242/276 311/243/275
f 309/242/276 308/245/278 265/247/279 264/246/280
f 298/241/274 309/242/276 264/246/280 275/248/281
f 292/249/282 313/252/283 340/251/284 293/250/285
f 293/250/285 340/251/284 317/254/286 330/253/287
f 260/234/267 259/232/265 292/249/282 290/255/288
f 290/255/288 292/249/282 293/250/285 291/256/289
f 291/256/289 293/250/285 330/253/287 337/257/290
f 261/236/269 260/234/267 290/255/288 288/258/291
f 288/258/291 290/255/288 291/256/289 289/259/292
f 289/259/292 291/256/289 337/257/290 333/260/293
f 262/238/271 261/236/269 288/258/291 286/261/294
f 286/261/294 288/258/291 289/259/292 287/262/295
f 287/262/295 289/259/292 333/260/293 329/263/296
f 255/223/258 312/244/277 315/265/297 284/264/298
f 284/264/298 315/265/297 332/267/299 285/266/300
f 285/266/300 332/267/299 316/269/301 339/268/302
f 263/240/273 262/238/271 286/261/294 282/270/303
f 282/270/303 286/261/294 287/262/295 283/271/304
f 283/271/304 287/262/295 329/263/296 336/272/305
f 256/222/255 255/223/258 284/264/298 280/273/306
f 280/273/306 284/264/298 285/266/300 281/274/307
f 281/274/307 285/266/300 339/268/302 334/275/308
f 312/244/277 311/243/275 314/276/309 315/265/297
f 315/265/297 314/276/309 335/277/310 332/267/299
f 332/267/299 335/277/310 294/278/311 316/269/301
f 311/243/275 263/240/273 282/270/303 314/276/309
f 314/276/309 282/270/303 283/271/304 335/277/310
f 335/277/310 283/271/304 336/272/305 294/278/311
f 257/226/259 256/222/255 280/273/306 278/279/312
f 278/279/312 280/273/306 281/274/307 279/280/313
f 279/280/313 281/274/307 334/275/308 331/281/314
f 258/228/261 257/226/259 278/279/312 276/282/315
f 276/282/315 278/279/312 279/280/313 277/283/316
f 277/283/316 279/280/313 331/281/314 338/284/317
f 310/231/263 258/228/261 276/282/315 313/252/283
f 313/252/283 276/282/315 277/283/316 340/251/284
f 340/251/284 277/283/316 338/284/317 317/254/286
f 295/285/318 318/286/319 316/269/301 294/278/311
f 319/287/320 339/268/302 316/269/301 318/286/319
f 320/288/321 334/275/308 339/268/302 319/287/320
f 321/289/322 331/281/314 334/275/308 320/288/321
f 322/290/323 338/284/317 331/281/314 321/289/322
f 323/291/324 317/254/286 338/284/317 322/290/323
f 324/292/325 330/253/287 317/254/286 323/291/324
f 325/293/326 337/257/290 330/253/287 324/292/325
f 326/294/327 333/260/293 337/257/290 325/293/326
f 327/295/328 329/263/296 333/260/293 326/294/327
f 328/296/329 336/272/305 329/263/296 327/295/328
f 295/285/318 294/278/311 336/272/305 328/296/329
f 275/248/281 264/246/280 352/298/330 297/297/331
f 353/299/332 354/302/333 342/301/334 341/300/335
f 354/302/333 355/304/336 343/303/337 342/301/334
f 355/304/336 356/306/338 344/305/339 343/303/337
f 356/306/338 357/308/340 345/307/341 344/305/339
f 357/308/340 358/310/342 346/309/343 345/307/341
f 358/310/342 359/312/344 347/311/345 346/309/343
f 359/312/344 360/314/346 348/313/347 347/311/345
f 360/314/346 361/316/348 349/315/349 348/313/347
f 361/316/348 362/318/350 350/317/351 349/315/349
f 297/297/331 351/319/352 350/317/351 362/318/350
f 297/297/331 352/298/330 296/320/353 351/319/352
f 264/246/280 265/247/279 353/299/332 352/298/330
f 265/247/279 266/224/354 354/302/333 353/299/332
f 266/224/354 267/321/355 355/304/336 354/302/333
f 267/321/355 268/322/356 356/306/338 355/304/336
f 268/322/356 269/323/357 357/308/340 356/306/338
f 269/323/357 270/324/358 358/310/342 357/308/340
f 270/324/358 271/325/359 359/312/344 358/310/342
f 271/325/359 272/326/360 360/314/346 359/312/344
f 272/326/360 273/237/361 361/316/348 360/314/346
f 273/237/361 274/327/362 362/318/350 361/316/348
f 274/327/362 275/248/281 297/297/331 362/318/350
f 352/298/330 353/299/332 341/300/335 296/320/353
f 299/239/272 298/241/274 275/248/281 274/327/362
f 300/237/270 299/239/272 274/327/362 273/237/361
f 301/235/268 300/237/270 273/237/361 272/326/360
f 302/233/266 301/235/268 272/326/360 271/325/359
f 303/230/264 302/233/266 271/325/359 270/324/358
f 304/229/262 303/230/264 270/324/358 269/323/357
f 305/227/260 304/229/262 269/323/357 268/322/356
f 306/225/256 305/227/260 268/322/356 267/321/355
f 307/224/257 306/225/256 267/321/355 266/224/354
f 308/245/278 307/224/257 266/224/354 265/247/279
f 259/232/265 310/231/263 313/252/283 292/249/282
f 312/244/277 255/223/258 307/224/257 308/245/278
f 318/286/319 295/285/318 363/328/363 319/287/320
f 295/285/318 328/296/329 327/295/328 363/328/363
f 319/287/320 363/328/363 364/329/253 320/288/321
f 363/328/363 327/295/328 326/294/327 364/329/253
f 320/288/321 364/329/253 365/330/364 321/289/322
f 364/329/253 326/294/327 325/293/326 365/330/364
f 321/289/322 365/330/364 323/291/324 322/290/323
f 365/330/364 325/293/326 324/292/325 323/291/324
f 296/320/353 366/331/365 350/317/351 351/319/352
f 366/331/365 367/332/250 349/315/349 350/317/351
f 367/332/250 368/333/366 348/313/347 349/315/349
f 368/333/366 346/309/343 347/311/345 348/313/347
f 341/300/335 342/301/334 366/331/365 296/320/353
f 342/301/334 343/303/337 367/332/250 366/331/365
f 343/303/337 344/305/339 368/333/366 367/332/250
f 344/305/339 345/307/341 346/309/343 368/333/366
f 370/222/155 420/225/156 421/224/158 369/223/157
f 371/226/153 419/227/154 420/225/156 370/222/155
f 372/228/151 418/229/152 419/227/154 371/226/153
f 372/228/151 424/231/150 417/230/149 418/229/152
f 373/232/147 416/233/148 417/230/149 424/231/150
f 374/234/145 415/235/146 416/233/148 373/232/147
f 375/236/141 414/237/144 415/235/146 374/234/145
f 376/238/142 413/239/143 414/237/144 375/236/141
f 377/240/163 412/241/164 413/239/143 376/238/142
f 377/240/163 425/243/162 423/242/161 412/241/164
f 426/244/159 422/245/160 423/242/161 425/243/162
f 423/242/161 422/245/160 379/247/167 378/246/165
f 412/241/164 423/242/161 378/246/165 389/248/166
f 406/249/201 427/252/171 454/251/170 407/250/202
f 407/250/202 454/251/170 431/254/173 444/253/203
f 374/234/145 373/232/147 406/249/201 404/255/198
f 404/255/198 406/249/201 407/250/202 405/256/199
f 405/256/199 407/250/202 444/253/203 451/257/200
f 375/236/141 374/234/145 404/255/198 402/258/192
f 402/258/192 404/255/198 405/256/199 403/259/193
f 403/259/193 405/256/199 451/257/200 447/260/194
f 376/238/142 375/236/141 402/258/192 400/261/183
f 400/261/183 402/258/192 403/259/193 401/262/185
f 401/262/185 403/259/193 447/260/194 443/263/187
f 369/223/157 426/244/159 429/265/189 398/264/180
f 398/264/180 429/265/189 446/267/190 399/266/181
f 399/266/181 446/267/190 430/269/191 453/268/182
f 377/240/163 376/238/142 400/261/183 396/270/184
f 396/270/184 400/261/183 401/262/185 397/271/186
f 397/271/186 401/262/185 443/263/187 450/272/188
f 370/222/155 369/223/157 398/264/180 394/273/177
f 394/273/177 398/264/180 399/266/181 395/274/178
f 395/274/178 399/266/181 453/268/182 448/275/179
f 426/244/159 425/243/162 428/276/195 429/265/189
f 429/265/189 428/276/195 449/277/196 446/267/190
f 446/267/190 449/277/196 408/278/197 430/269/191
f 425/243/162 377/240/163 396/270/184 428/276/195
f 428/276/195 396/270/184 397/271/186 449/277/196
f 449/277/196 397/271/186 450/272/188 408/278/197
f 371/226/153 370/222/155 394/273/177 392/279/174
f 392/279/174 394/273/177 395/274/178 393/280/175
f 393/280/175 395/274/178 448/275/179 445/281/176
f 372/228/151 371/226/153 392/279/174 390/282/168
f 390/282/168 392/279/174 393/280/175 391/283/169
f 391/283/169 393/280/175 445/281/176 452/284/172
f 424/231/150 372/228/151 390/282/168 427/252/171
f 427/252/171 390/282/168 391/283/169 454/251/170
f 454/251/170 391/283/169 452/284/172 431/254/173
f 409/285/204 432/286/215 430/269/191 408/278/197
f 433/287/214 453/268/182 430/269/191 432/286/215
f 434/288/213 448/275/179 453/268/182 433/287/214
f 435/289/212 445/281/176 448/275/179 434/288/213
f 436/290/211 452/284/172 445/281/176 435/289/212
f 437/291/210 431/254/173 452/284/172 436/290/211
f 438/292/209 444/253/203 431/254/173 437/291/210
f 439/293/208 451/257/200 444/253/203 438/292/209
f 440/294/207 447/260/194 451/257/200 439/293/208
f 441/295/206 443/263/187 447/260/194 440/294/207
f 442/296/205 450/272/188 443/263/187 441/295/206
f 409/285/204 408/278/197 450/272/188 442/296/205
f 389/248/166 378/246/165 466/298/217 411/297/218
f 467/299/216 468/302/237 456/301/236 455/300/238
f 468/302/237 469/304/235 457/303/234 456/301/236
f 469/304/235 470/306/233 458/305/232 457/303/234
f 470/306/233 471/308/231 459/307/230 458/305/232
f 471/308/231 472/310/229 460/309/228 459/307/230
f 472/310/229 473/312/227 461/311/226 460/309/228
f 473/312/227 474/314/225 462/313/224 461/311/226
f 474/314/225 475/316/223 463/315/222 462/313/224
f 475/316/223 476/318/221 464/317/220 463/315/222
f 411/297/218 465/319/219 464/317/220 476/318/221
f 411/297/218 466/298/217 410/320/239 465/319/219
f 378/246/165 379/247/167 467/299/216 466/298/217
f 379/247/167 380/224/248 468/302/237 467/299/216
f 380/224/248 381/321/247 469/304/235 468/302/237
f 381/321/247 382/322/246 470/306/233 469/304/235
f 382/322/246 383/323/245 471/308/231 470/306/233
f 383/323/245 384/324/244 472/310/229 471/308/231
f 384/324/244 385/325/243 473/312/227 472/310/229
f 385/325/243 386/326/242 474/314/225 473/312/227
f 386/326/242 387/237/241 475/316/223 474/314/225
f 387/237/241 388/327/240 476/318/221 475/316/223
f 388/327/240 389/248/166 411/297/218 476/318/221
f 466/298/217 467/299/216 455/300/238 410/320/239
f 413/239/143 412/241/164 389/248/166 388/327/240
f 414/237/144 413/239/143 388/327/240 387/237/241
f 415/235/146 414/237/144 387/237/241 386/326/242
f 416/233/148 415/235/146 386/326/242 385/325/243
f 417/230/149 416/233/148 385/325/243 384/324/244
f 418/229/152 417/230/149 384/324/244 383/323/245
f 419/227/154 418/229/152 383/323/245 382/322/246
f 420/225/156 419/227/154 382/322/246 381/321/247
f 421/224/158 420/225/156 381/321/247 380/224/248
f 422/245/160 421/224/158 380/224/248 379/247/167
f 373/232/147 424/231/150 427/252/171 406/249/201
f 426/244/159 369/223/157 421/224/158 422/245/160
f 432/286/215 409/285/204 477/328/249 433/287/214
f 409/285/204 442/296/205 441/295/206 477/328/249
f 433/287/214 477/328/249 478/329/250 434/288/213
f 477/328/249 441/295/206 440/294/207 478/329/250
f 434/288/213 478/329/250 479/330/251 435/289/212
f 478/329/250 440/294/207 439/293/208 479/330/251
f 435/289/212 479/330/251 437/291/210 436/290/211
f 479/330/251 439/293/208 438/292/209 437/291/210
f 410/320/239 480/331/252 464/317/220 465/319/219
f 480/331/252 481/332/253 463/315/222 464/317/220
f 481/332/253 482/333/254 462/313/224 463/315/222
f 482/333/254 460/309/228 461/311/226 462/313/224
f 455/300/238 456/301/236 480/331/252 410/320/239
f 456/301/236 457/303/234 481/332/253 480/331/252
f 457/303/234 458/305/232 482/333/254 481/332/253
f 458/305/232 459/307/230 460/309/228 482/333/254
f 484/222/269 483/223/271 535/224/272 534/225/270
f 485/226/267 484/222/269 534/225/270 533/227/268
f 486/228/265 485/226/267 533/227/268 532/229/266
f 486/228/265 532/229/266 531/230/264 538/231/263
f 487/232/261 538/231/263 531/230/264 530/233/262
f 488/234/259 487/232/261 530/233/262 529/235/260
f 489/236/255 488/234/259 529/235/260 528/237/256
f 490/238/258 489/236/255 528/237/256 527/239/257
f 491/240/277 490/238/258 527/239/257 526/241/278
f 491/240/277 526/241/278 537/242/276 539/243/275
f 540/244/273 539/243/275 537/242/276 536/245/274
f 537/242/276 492/246/280 493/247/281 536/245/274
f 526/241/278 503/248/279 492/246/280 537/242/276
f 520/249/315 521/250/316 568/251/284 541/252/283
f 521/250/316 558/253/317 545/254/286 568/251/284
f 488/234/259 518/255/367 520/249/315 487/232/261
f 518/255/367 519/256/313 521/250/316 520/249/315
f 519/256/313 565/257/314 558/253/317 521/250/316
f 489/236/255 516/258/306 518/255/367 488/234/259
f 516/258/306 517/259/307 519/256/313 518/255/367
f 517/259/307 561/260/308 565/257/314 519/256/313
f 490/238/258 514/261/298 516/258/306 489/236/255
f 514/261/298 515/262/300 517/259/307 516/258/306
f 515/262/300 557/263/302 561/260/308 517/259/307
f 483/223/271 512/264/294 543/265/303 540/244/273
f 512/264/294 513/266/295 560/267/304 543/265/303
f 513/266/295 567/268/296 544/269/305 560/267/304
f 491/240/277 510/270/297 514/261/298 490/238/258
f 510/270/297 511/271/299 515/262/300 514/261/298
f 511/271/299 564/272/301 557/263/302 515/262/300
f 484/222/269 508/273/291 512/264/294 483/223/271
f 508/273/291 509/274/292 513/266/295 512/264/294
f 509/274/292 562/275/293 567/268/296 513/266/295
f 540/244/273 543/265/303 542/276/309 539/243/275
f 543/265/303 560/267/304 563/277/310 542/276/309
f 560/267/304 544/269/305 522/278/311 563/277/310
f 539/243/275 542/276/309 510/270/297 491/240/277
f 542/276/309 563/277/310 511/271/299 510/270/297
f 563/277/310 522/278/311 564/272/301 511/271/299
f 485/226/267 506/279/288 508/273/291 484/222/269
f 506/279/288 507/280/289 509/274/292 508/273/291
f 507/280/289 559/281/290 562/275/293 509/274/292
f 486/228/265 504/282/282 506/279/288 485/226/267
f 504/282/282 505/283/285 507/280/289 506/279/288
f 505/283/285 566/284/287 559/281/290 507/280/289
f 538/231/263 541/252/283 504/282/282 486/228/265
f 541/252/283 568/251/284 505/283/285 504/282/282
f 568/251/284 545/254/286 566/284/287 505/283/285
f 523/285/318 522/278/311 544/269/305 546/286/329
f 547/287/328 546/286/329 544/269/305 567/268/296
f 548/288/327 547/287/328 567/268/296 562/275/293
f 549/289/326 548/288/327 562/275/293 559/281/290
f 550/290/325 549/289/326 559/281/290 566/284/287
f 551/291/324 550/290/325 566/284/287 545/254/286
f 552/292/323 551/291/324 545/254/286 558/253/317
f 553/293/322 552/292/323 558/253/317 565/257/314
f 554/294/321 553/293/322 565/257/314 561/260/308
f 555/295/320 554/294/321 561/260/308 557/263/302
f 556/296/319 555/295/320 557/263/302 564/272/301
f 523/285/318 556/296/319 564/272/301 522/278/311
f 503/248/279 525/297/332 580/298/330 492/246/280
f 581/299/331 569/300/352 570/301/351 582/302/350
f 582/302/350 570/301/351 571/303/349 583/304/348
f 583/304/348 571/303/349 572/305/347 584/306/346
f 584/306/346 572/305/347 573/307/345 585/308/344
f 585/308/344 573/307/345 574/309/343 586/310/342
f 586/310/342 574/309/343 575/311/341 587/312/340
f 587/312/340 575/311/341 576/313/339 588/314/338
f 588/314/338 576/313/339 577/315/337 589/316/336
f 589/316/336 577/315/337 578/317/334 590/318/333
f 525/297/332 590/318/333 578/317/334 579/319/335
f 525/297/332 579/319/335 524/320/353 580/298/330
f 492/246/280 580/298/330 581/299/331 493/247/281
f 493/247/281 581/299/331 582/302/350 494/224/362
f 494/224/362 582/302/350 583/304/348 495/321/361
f 495/321/361 583/304/348 584/306/346 496/322/360
f 496/322/360 584/306/346 585/308/344 497/323/359
f 497/323/359 585/308/344 586/310/342 498/324/358
f 498/324/358 586/310/342 587/312/340 499/325/357
f 499/325/357 587/312/340 588/314/338 500/326/356
f 500/326/356 588/314/338 589/316/336 501/237/355
f 501/237/355 589/316/336 590/318/333 502/327/354
f 502/327/354 590/318/333 525/297/332 503/248/279
f 580/298/330 524/320/353 569/300/352 581/299/331
f 527/239/257 502/327/354 503/248/279 526/241/278
f 528/237/256 501/237/355 502/327/354 527/239/257
f 529/235/260 500/326/356 501/237/355 528/237/256
f 530/233/262 499/325/357 500/326/356 529/235/260
f 531/230/264 498/324/358 499/325/357 530/233/262
f 532/229/266 497/323/359 498/324/358 531/230/264
f 533/227/268 496/322/360 497/323/359 532/229/266
f 534/225/270 495/321/361 496/322/360 533/227/268
f 535/224/272 494/224/362 495/321/361 534/225/270
f 536/245/274 493/247/281 494/224/362 535/224/272
f 487/232/261 520/249/315 541/252/283 538/231/263
f 540/244/273 536/245/274 535/224/272 483/223/271
f 546/286/329 547/287/328 591/328/363 523/285/318
f 523/285/318 591/328/363 555/295/320 556/296/319
f 547/287/328 548/288/327 592/329/253 591/328/363
f 591/328/363 592/329/253 554/294/321 555/295/320
f 548/288/327 549/289/326 593/330/364 592/329/253
f 592/329/253 593/330/364 553/293/322 554/294/321
f 549/289/326 550/290/325 551/291/324 593/330/364
f 593/330/364 551/291/324 552/292/323 553/293/322
f 524/320/353 579/319/335 578/317/334 594/331/365
f 594/331/365 578/317/334 577/315/337 595/332/250
f 595/332/250 577/315/337 576/313/339 596/333/366
f 596/333/366 576/313/339 575/311/341 574/309/343
f 569/300/352 524/320/353 594/331/365 570/301/351
f 570/301/351 594/331/365 595/332/250 571/303/349
f 571/303/349 595/332/250 596/333/366 572/305/347
f 572/305/347 596/333/366 574/309/343 573/307/345
f 597/334/368 598/335/368 600/336/368 599/337/368
f 599/337/369 600/336/369 602/338/369 601/339/369
f 601/339/370 602/338/370 604/340/370 603/341/370
f 603/341/371 604/340/371 606/342/371 605/343/371
f 605/343/372 606/342/372 608/344/372 607/345/372
f 607/345/373 608/344/373 598/346/373 597/347/373
f 605/348/253 607/349/253 599/350/253
f 607/349/253 597/351/253 599/350/253
f 599/350/253 601/352/253 603/353/253
f 603/353/253 605/348/253 599/350/253
f 609/334/373 611/337/373 612/336/373 610/335/373
f 611/337/372 613/339/372 614/338/372 612/336/372
f 613/339/371 615/341/371 616/340/371 614/338/371
f 615/341/370 617/343/370 618/342/370 616/340/370
f 617/343/369 619/345/369 620/344/369 618/342/369
f 619/345/368 609/347/368 610/346/368 620/344/368
f 617/348/253 611/350/253 619/349/253
f 619/349/253 611/350/253 609/351/253
f 611/350/253 615/353/253 613/352/253
f 615/353/253 611/350/253 617/348/253
f 621/334/368 623/337/368 624/336/368 622/335/368
f 623/337/369 625/339/369 626/338/369 624/336/369
f 625/339/370 627/341/370 628/340/370 626/338/370
f 627/341/371 629/343/371 630/342/371 628/340/371
f 629/343/372 631/345/372 632/344/372 630/342/372
f 631/345/373 621/347/373 622/346/373 632/344/373
f 629/348/250 623/350/250 631/349/250
f 631/349/250 623/350/250 621/351/250
f 623/350/250 627/353/250 625/352/250
f 627/353/250 623/350/250 629/348/250
f 633/334/373 634/335/373 636/336/373 635/337/373
f 635/337/372 636/336/372 638/338/372 637/339/372
f 637/339/371 638/338/371 640/340/371 639/341/371
f 639/341/370 640/340/370 642/342/370 641/343/370
f 641/343/369 642/342/369 644/344/369 643/345/369
f 643/345/368 644/344/368 634/346/368 633/347/368
f 641/348/250 643/349/250 635/350/250
f 643/349/250 633/351/250 635/350/250
f 635/350/250 637/352/250 639/353/250
f 639/353/250 641/348/250 635/350/250
f 651/354/374 655/355/375 656/356/376 659/357/377
f 652/358/378 657/359/379 656/360/376 655/361/375
f 653/362/380 658/363/381 656/360/376 657/359/379
f 654/364/382 659/365/377 656/366/376 658/367/381
f 666/368/383 670/369/384 671/370/385 674/371/386
f 667/372/387 672/373/388 671/374/385 670/375/384
f 668/376/389 673/377/390 671/378/385 672/379/388
f 669/380/391 674/381/386 671/378/385 673/377/390
f 675/382/392 678/383/393 679/384/394 681/385/395
f 676/386/396 680/387/397 679/388/394 678/389/393
f 677/390/398 681/391/395 679/388/394 680/387/397
f 682/392/399 685/393/400 686/394/401 688/395/402
f 683/396/403 687/397/404 686/398/401 685/399/400
f 684/400/405 688/401/402 686/402/401 687/403/404
f 692/404/406 695/405/407 696/406/408 698/407/409
f 693/408/410 697/409/411 696/410/408 695/411/407
f 694/412/412 698/413/409 696/414/408 697/415/411
f 699/416/413 702/417/414 703/418/415 705/419/416
f 700/420/417 704/421/418 703/422/415 702/423/414
f 701/424/419 705/425/416 703/422/415 704/421/418
f 709/426/420 712/427/421 713/428/422 715/429/423
f 710/430/424 714/431/425 713/432/422 712/433/421
f 711/434/426 715/435/423 713/432/422 714/431/425
f 735/436/427 739/437/428 740/438/429 743/439/430
f 736/440/431 741/441/432 740/442/429 739/443/428
f 737/362/433 742/444/434 740/445/429 741/446/432
f 738/358/435 743/447/430 740/445/429 742/444/434
f 750/448/436 754/449/437 755/450/438 758/451/439
f 751/452/440 756/453/441 755/454/438 754/455/437
f 752/380/442 757/456/443 755/457/438 756/458/441
f 753/459/444 758/460/439 755/457/438 757/456/443
f 759/461/445 762/462/446 763/463/447 765/464/448
f 760/465/449 764/466/450 763/463/447 762/462/446
f 761/467/451 765/468/448 763/469/447 764/470/450
f 766/471/452 769/472/453 770/473/454 772/474/455
f 767/475/456 771/476/457 770/477/454 769/478/453
f 768/479/458 772/480/455 770/481/454 771/482/457
f 776/483/459 779/484/460 780/485/461 782/486/462
f 777/487/463 781/488/464 780/489/461 779/490/460
f 778/491/465 782/492/462 780/493/461 781/494/464
f 783/495/466 786/496/467 787/497/468 789/498/469
f 784/499/470 788/421/471 787/500/468 786/501/467
f 785/502/472 789/503/469 787/500/468 788/421/471
f 790/504/473 793/505/474 794/506/475 796/507/476
f 791/508/477 795/509/478 794/506/475 793/505/474
f 792/510/479 796/511/476 794/512/475 795/513/478
f 661/514/480 663/515/481 665/516/482 662/517/483
f 662/518/483 665/519/482 664/520/484 660/521/485
f 684/400/405 690/522/486 691/523/487 688/401/402
f 688/395/402 691/524/487 689/525/488 682/392/399
f 660/521/485 699/416/413 705/419/416 662/518/483
f 662/517/483 705/425/416 701/424/419 661/514/480
f 700/420/417 706/526/489 708/527/490 704/421/418
f 704/421/418 708/527/490 707/528/491 701/424/419
f 711/434/426 676/386/396 678/389/393 715/435/423
f 715/429/423 678/383/393 675/382/392 709/426/420
f 710/430/424 716/529/492 718/530/493 714/431/425
f 714/431/425 718/530/493 717/531/494 711/434/426
f 709/426/420 719/532/495 720/533/496 712/427/421
f 712/433/421 720/534/496 721/535/497 710/430/424
f 676/386/396 722/536/498 724/537/499 680/387/397
f 680/387/397 724/537/499 723/538/500 677/390/398
f 753/459/444 759/461/445 765/464/448 758/460/439
f 758/451/439 765/468/448 761/467/451 750/448/436
f 663/515/481 721/535/497 720/539/496 665/516/482
f 665/519/482 720/540/496 719/532/495 664/520/484
f 669/380/391 684/400/405 687/403/404 674/381/386
f 674/371/386 687/397/404 683/396/403 666/368/383
f 694/412/412 652/358/378 655/361/375 698/413/409
f 698/407/409 655/355/375 651/354/374 692/404/406
f 668/376/389 725/541/501 727/542/502 673/377/390
f 673/377/390 727/542/502 726/543/503 669/380/391
f 652/358/378 729/544/504 731/545/505 657/359/379
f 657/359/379 731/545/505 730/546/506 653/362/380
f 803/547/507 651/354/374 659/357/377 805/548/508
f 805/549/508 659/365/377 654/364/382 804/550/509
f 732/551/510 694/412/412 697/415/411 734/552/511
f 734/553/511 697/409/411 693/408/410 733/554/512
f 745/555/513 747/556/514 749/557/515 746/558/516
f 746/559/516 749/560/515 748/561/517 744/562/518
f 766/471/452 774/563/519 775/564/520 769/472/453
f 769/478/453 775/565/520 773/566/521 767/475/456
f 744/562/518 784/499/470 786/501/467 746/559/516
f 746/558/516 786/496/467 783/495/466 745/555/513
f 784/499/470 707/528/491 708/527/490 788/421/471
f 788/421/471 708/527/490 706/526/489 785/502/472
f 792/510/479 761/467/451 764/470/450 796/511/476
f 796/507/476 764/466/450 760/465/449 790/504/473
f 790/504/473 717/531/494 718/530/493 793/505/474
f 793/505/474 718/530/493 716/529/492 791/508/477
f 791/508/477 798/567/522 799/568/523 795/509/478
f 795/513/478 799/569/523 797/570/524 792/510/479
f 759/461/445 723/538/500 724/537/499 762/462/446
f 762/462/446 724/537/499 722/536/498 760/465/449
f 768/479/458 777/487/463 779/490/460 772/480/455
f 772/474/455 779/484/460 776/483/459 766/471/452
f 667/372/387 675/382/392 681/385/395 672/373/388
f 672/379/388 681/391/395 677/390/398 668/376/389
f 747/556/514 797/570/524 799/571/523 749/557/515
f 749/560/515 799/572/523 798/567/522 748/561/517
f 751/452/440 768/479/458 771/482/457 756/453/441
f 756/458/441 771/476/457 767/475/456 752/380/442
f 777/487/463 735/436/427 743/439/430 781/488/464
f 781/494/464 743/447/430 738/358/435 778/491/465
f 752/380/442 726/543/503 727/542/502 757/456/443
f 757/456/443 727/542/502 725/541/501 753/459/444
f 737/362/433 730/546/506 731/545/505 742/444/434
f 742/444/434 731/545/505 729/544/504 738/358/435
f 806/573/525 736/440/431 739/443/428 808/574/526
f 808/575/526 739/437/428 735/436/427 807/576/527
f 800/577/528 776/483/459 782/486/462 802/553/529
f 802/552/529 782/492/462 778/491/465 801/578/530
f 810/579/531 803/547/507 805/548/508 811/580/532
f 811/581/532 805/549/508 804/550/509 809/582/533
f 813/583/534 806/573/525 808/574/526 814/584/535
f 814/585/535 808/575/526 807/576/527 812/586/536
f 699/416/413 654/364/382 658/367/381 702/417/414
f 702/423/414 658/363/381 653/362/380 700/420/417
f 785/502/472 737/362/433 741/446/432 789/503/469
f 789/498/469 741/441/432 736/440/431 783/495/466
f 750/448/436 813/583/534 814/584/535 754/449/437
f 754/455/437 814/585/535 812/586/536 751/452/440
f 682/392/399 693/408/410 695/411/407 685/393/400
f 685/399/400 695/405/407 692/404/406 683/396/403
f 666/368/383 810/579/531 811/580/532 670/369/384
f 670/375/384 811/581/532 809/582/533 667/372/387
f 692/404/406 651/354/374 803/547/507 683/396/403
f 660/521/485 804/550/509 654/364/382 699/416/413
f 649/587/369 652/358/378 694/412/412 732/551/510
f 646/588/369 729/544/504 652/358/378 649/587/369
f 653/362/380 730/546/506 706/526/489 700/420/417
f 664/520/484 804/550/509 660/521/485
f 701/424/419 707/528/491 647/589/537 661/514/480
f 661/514/480 647/589/537 648/590/538 663/515/481
f 663/515/481 648/590/538 728/591/539 721/535/497
f 664/520/484 719/532/495 809/582/533 804/550/509
f 683/396/403 810/579/531 666/368/383
f 669/380/391 726/543/503 645/592/372
f 645/592/372 690/522/486 684/400/405 669/380/391
f 677/390/398 723/538/500 725/541/501 668/376/389
f 667/372/387 809/582/533 709/426/420 675/382/392
f 711/434/426 717/531/494 722/536/498 676/386/396
f 693/408/410 682/392/399 689/525/488 733/554/512
f 784/499/470 744/562/518 647/589/537 707/528/491
f 737/362/433 785/502/472 706/526/489 730/546/506
f 721/535/497 728/591/539 716/529/492 710/430/424
f 809/582/533 719/532/495 709/426/420
f 790/504/473 760/465/449 722/536/498 717/531/494
f 798/567/522 791/508/477 716/529/492 728/591/539
f 759/461/445 753/459/444 725/541/501 723/538/500
f 752/380/442 645/592/372 726/543/503
f 748/561/517 798/567/522 728/591/539 648/590/538
f 646/588/369 650/587/369 738/358/435 729/544/504
f 777/487/463 768/479/458 807/576/527 735/436/427
f 650/587/369 801/578/530 778/491/465 738/358/435
f 736/440/431 806/573/525 745/555/513 783/495/466
f 806/573/525 747/556/514 745/555/513
f 744/562/518 748/561/517 648/590/538 647/589/537
f 797/570/524 747/556/514 806/573/525 813/583/534
f 768/479/458 751/452/440 812/586/536
f 792/510/479 813/583/534 750/448/436 761/467/451
f 645/592/372 752/380/442 767/475/456 773/566/521
f 776/483/459 800/577/528 774/563/519 766/471/452
f 797/570/524 813/583/534 792/510/479
f 683/396/403 803/547/507 810/579/531
f 768/479/458 812/586/536 807/576/527
f 821/354/540 829/357/541 826/356/542 825/355/543
f 822/358/544 825/361/543 826/360/542 827/359/545
f 823/362/546 827/359/545 826/360/542 828/363/547
f 824/364/548 828/367/547 826/366/542 829/365/541
f 836/368/549 844/371/550 841/370/551 840/369/552
f 837/372/553 840/375/552 841/374/551 842/373/554
f 838/376/555 842/379/554 841/378/551 843/377/556
f 839/380/557 843/377/556 841/378/551 844/381/550
f 845/382/558 851/385/559 849/384/560 848/383/561
f 846/386/562 848/389/561 849/388/560 850/387/563
f 847/390/564 850/387/563 849/388/560 851/391/559
f 852/392/565 858/395/566 856/394/567 855/393/568
f 853/396/569 855/399/568 856/398/567 857/397/570
f 854/400/571 857/403/570 856/402/567 858/401/566
f 862/404/572 868/407/573 866/406/574 865/405/575
f 863/408/576 865/411/575 866/410/574 867/409/577
f 864/412/578 867/415/577 866/414/574 868/413/573
f 869/416/579 875/419/580 873/418/581 872/417/582
f 870/420/583 872/423/582 873/422/581 874/421/584
f 871/424/585 874/421/584 873/422/581 875/425/580
f 879/426/586 885/429/587 883/428/588 882/427/589
f 880/430/590 882/433/589 883/432/588 884/431/591
f 881/434/592 884/431/591 883/432/588 885/435/587
f 905/436/593 913/439/594 910/438/595 909/437/596
f 906/440/597 909/443/596 910/442/595 911/441/598
f 907/362/599 911/446/598 910/445/595 912/444/600
f 908/358/601 912/444/600 910/445/595 913/447/594
f 920/448/602 928/451/603 925/450/604 924/449/605
f 921/452/606 924/455/605 925/454/604 926/453/607
f 922/380/608 926/458/607 925/457/604 927/456/609
f 923/459/610 927/456/609 925/457/604 928/460/603
f 929/461/611 935/464/612 933/463/613 932/462/614
f 930/465/615 932/462/614 933/463/613 934/466/616
f 931/467/617 934/470/616 933/469/613 935/468/612
f 936/471/618 942/474/619 940/473/620 939/472/621
f 937/475/622 939/478/621 940/477/620 941/476/623
f 938/479/624 941/482/623 940/481/620 942/480/619
f 946/483/625 952/486/626 950/485/627 949/484/628
f 947/487/629 949/490/628 950/489/627 951/488/630
f 948/491/631 951/494/630 950/493/627 952/492/626
f 953/495/632 959/498/633 957/497/634 956/496/635
f 954/499/636 956/501/635 957/500/634 958/421/637
f 955/502/638 958/421/637 957/500/634 959/503/633
f 960/504/639 966/507/640 964/506/641 963/505/642
f 961/508/643 963/505/642 964/506/641 965/509/644
f 962/510/645 965/513/644 964/512/641 966/511/640
f 831/514/646 832/517/647 835/516/648 833/515/649
f 832/518/647 830/521/650 834/520/651 835/519/648
f 854/400/571 858/401/566 861/523/652 860/522/653
f 858/395/566 852/392/565 859/525/654 861/524/652
f 830/521/650 832/518/647 875/419/580 869/416/579
f 832/517/647 831/514/646 871/424/585 875/425/580
f 870/420/583 874/421/584 878/527/655 876/526/656
f 874/421/584 871/424/585 877/528/657 878/527/655
f 881/434/592 885/435/587 848/389/561 846/386/562
f 885/429/587 879/426/586 845/382/558 848/383/561
f 880/430/590 884/431/591 888/530/658 886/529/659
f 884/431/591 881/434/592 887/531/660 888/530/658
f 879/426/586 882/427/589 890/533/661 889/532/662
f 882/433/589 880/430/590 891/535/663 890/534/661
f 846/386/562 850/387/563 894/537/664 892/536/665
f 850/387/563 847/390/564 893/538/666 894/537/664
f 923/459/610 928/460/603 935/464/612 929/461/611
f 928/451/603 920/448/602 931/467/617 935/468/612
f 833/515/649 835/516/648 890/539/661 891/535/663
f 835/519/648 834/520/651 889/532/662 890/540/661
f 839/380/557 844/381/550 857/403/570 854/400/571
f 844/371/550 836/368/549 853/396/569 857/397/570
f 864/412/578 868/413/573 825/361/543 822/358/544
f 868/407/573 862/404/572 821/354/540 825/355/543
f 838/376/555 843/377/556 897/542/667 895/541/668
f 843/377/556 839/380/557 896/543/669 897/542/667
f 822/358/544 827/359/545 901/545/670 899/544/671
f 827/359/545 823/362/546 900/546/672 901/545/670
f 973/547/673 975/548/674 829/357/541 821/354/540
f 975/549/674 974/550/675 824/364/548 829/365/541
f 902/551/676 904/552/677 867/415/577 864/412/578
f 904/553/677 903/554/678 863/408/576 867/409/577
f 915/555/679 916/558/680 919/557/681 917/556/682
f 916/559/680 914/562/683 918/561/684 919/560/681
f 936/471/618 939/472/621 945/564/685 944/563/686
f 939/478/621 937/475/622 943/566/687 945/565/685
f 914/562/683 916/559/680 956/501/635 954/499/636
f 916/558/680 915/555/679 953/495/632 956/496/635
f 954/499/636 958/421/637 878/527/655 877/528/657
f 958/421/637 955/502/638 876/526/656 878/527/655
f 962/510/645 966/511/640 934/470/616 931/467/617
f 966/507/640 960/504/639 930/465/615 934/466/616
f 960/504/639 963/505/642 888/530/658 887/531/660
f 963/505/642 961/508/643 886/529/659 888/530/658
f 961/508/643 965/509/644 969/568/688 968/567/689
f 965/513/644 962/510/645 967/570/690 969/569/688
f 929/461/611 932/462/614 894/537/664 893/538/666
f 932/462/614 930/465/615 892/536/665 894/537/664
f 938/479/624 942/480/619 949/490/628 947/487/629
f 942/474/619 936/471/618 946/483/625 949/484/628
f 837/372/553 842/373/554 851/385/559 845/382/558
f 842/379/554 838/376/555 847/390/564 851/391/559
f 917/556/682 919/557/681 969/571/688 967/570/690
f 919/560/681 918/561/684 968/567/689 969/572/688
f 921/452/606 926/453/607 941/482/623 938/479/624
f 926/458/607 922/380/608 937/475/622 941/476/623
f 947/487/629 951/488/630 913/439/594 905/436/593
f 951/494/630 948/491/631 908/358/601 913/447/594
f 922/380/608 927/456/609 897/542/667 896/543/669
f 927/456/609 923/459/610 895/541/668 897/542/667
f 907/362/599 912/444/600 901/545/670 900/546/672
f 912/444/600 908/358/601 899/544/671 901/545/670
f 976/573/691 978/574/692 909/443/596 906/440/597
f 978/575/692 977/576/693 905/436/593 909/437/596
f 970/577/694 972/553/695 952/486/626 946/483/625
f 972/552/695 971/578/696 948/491/631 952/492/626
f 980/579/697 981/580/698 975/548/674 973/547/673
f 981/581/698 979/582/699 974/550/675 975/549/674
f 983/583/700 984/584/701 978/574/692 976/573/691
f 984/585/701 982/586/702 977/576/693 978/575/692
f 869/416/579 872/417/582 828/367/547 824/364/548
f 872/423/582 870/420/583 823/362/546 828/363/547
f 955/502/638 959/503/633 911/446/598 907/362/599
f 959/498/633 953/495/632 906/440/597 911/441/598
f 920/448/602 924/449/605 984/584/701 983/583/700
f 924/455/605 921/452/606 982/586/702 984/585/701
f 852/392/565 855/393/568 865/411/575 863/408/576
f 855/399/568 853/396/569 862/404/572 865/405/575
f 836/368/549 840/369/552 981/580/698 980/579/697
f 840/375/552 837/372/553 979/582/699 981/581/698
f 862/404/572 853/396/569 973/547/673 821/354/540
f 830/521/650 869/416/579 824/364/548 974/550/675
f 819/587/372 902/551/676 864/412/578 822/358/544
f 816/588/372 819/587/372 822/358/544 899/544/671
f 823/362/546 870/420/583 876/526/656 900/546/672
f 834/520/651 830/521/650 974/550/675
f 871/424/585 831/514/646 817/589/703 877/528/657
f 831/514/646 833/515/649 818/590/704 817/589/703
f 833/515/649 891/535/663 898/591/705 818/590/704
f 834/520/651 974/550/675 979/582/699 889/532/662
f 853/396/569 836/368/549 980/579/697
f 839/380/557 815/592/369 896/543/669
f 815/592/369 839/380/557 854/400/571 860/522/653
f 847/390/564 838/376/555 895/541/668 893/538/666
f 837/372/553 845/382/558 879/426/586 979/582/699
f 881/434/592 846/386/562 892/536/665 887/531/660
f 863/408/576 903/554/678 859/525/654 852/392/565
f 954/499/636 877/528/657 817/589/703 914/562/683
f 907/362/599 900/546/672 876/526/656 955/502/638
f 891/535/663 880/430/590 886/529/659 898/591/705
f 979/582/699 879/426/586 889/532/662
f 960/504/639 887/531/660 892/536/665 930/465/615
f 968/567/689 898/591/705 886/529/659 961/508/643
f 929/461/611 893/538/666 895/541/668 923/459/610
f 922/380/608 896/543/669 815/592/369
f 918/561/684 818/590/704 898/591/705 968/567/689
f 816/588/372 899/544/671 908/358/601 820/587/372
f 947/487/629 905/436/593 977/576/693 938/479/624
f 820/587/372 908/358/601 948/491/631 971/578/696
f 906/440/597 953/495/632 915/555/679 976/573/691
f 976/573/691 915/555/679 917/556/682
f 914/562/683 817/589/703 818/590/704 918/561/684
f 967/570/690 983/583/700 976/573/691 917/556/682
f 938/479/624 982/586/702 921/452/606
f 962/510/645 931/467/617 920/448/602 983/583/700
f 815/592/369 943/566/687 937/475/622 922/380/608
f 946/483/625 936/471/618 944/563/686 970/577/694
f 967/570/690 962/510/645 983/583/700
f 853/396/569 980/579/697 973/547/673
f 938/479/624 977/576/693 982/586/702
f 987/593/706 991/594/706 992/595/706
f 995/596/707 994/597/708 986/598/709 989/599/710
f 993/600/711 995/601/707 989/602/710 985/603/712
f 988/604/713 990/605/714 995/601/707 993/600/711
f 990/606/714 987/593/715 994/597/708 995/596/707
f 1001/607/716 1000/608/717 997/609/718 998/610/719
f 999/611/720 1001/607/716 998/610/719 996/612/721
f 999/613/722 996/614/723 986/598/709 994/597/708
f 997/615/724 1000/616/725 993/600/711 985/603/712
f 988/604/713 1003/617/726 1002/618/727
f 988/604/713 993/600/711 1000/616/725 1003/617/726
f 1001/607/716 1005/619/728 1012/620/729
f 1002/618/727 1003/617/726 1009/621/730 1008/622/731
f 1005/623/732 1007/624/733 1011/625/733 1010/626/732
f 1012/627/734 1005/623/734 1010/626/734 1013/628/734
f 1003/629/735 1012/627/735 1013/628/735 1009/630/735
f 994/597/708 987/593/715 992/595/736
f 1015/631/737 1016/632/737 1017/633/738 1014/634/739
f 1014/634/739 1017/633/738 1019/635/740 1018/636/740
f 992/595/736 1016/637/741 999/613/722
f 1015/638/742 999/613/722 1016/637/741
f 1000/608/717 1001/607/716 1012/620/729 1003/639/743
f 992/640/744 991/641/745 1020/642/746 1021/643/744
f 1015/631/747 1014/634/748 1028/644/749 1030/645/750
f 1016/646/751 992/640/751 1021/643/751 1022/647/751
f 1004/648/752 1015/649/747 1030/650/750 1031/651/753
f 1006/652/754 1004/648/752 1031/651/753 1029/653/755
f 1017/654/756 1016/654/757 1022/654/757 1023/654/758
f 1014/634/748 1018/636/759 1027/655/759 1028/644/749
f 1019/654/760 1017/654/756 1023/654/758 1024/654/760
f 1005/619/728 1026/656/761 1025/657/762 1007/658/763
f 1005/619/728 1001/607/716 1026/656/761
f 1001/607/716 999/611/720 1015/649/747 1004/648/752
f 1001/607/716 1004/648/752 1026/656/761
f 1025/657/762 1026/656/761 1004/648/752 1006/652/754
f 1030/645/764 1028/644/764 1033/659/764 1035/660/764
f 1028/644/765 1027/655/765 1032/661/765 1033/659/765
f 1029/662/766 1031/663/766 1036/664/766 1034/665/766
f 1031/663/767 1030/645/767 1035/660/767 1036/664/767
f 996/666/721 998/667/719 1042/668/768 1040/669/768
f 997/615/724 985/603/712 1037/670/769 1041/671/770
f 986/598/709 996/614/723 1040/672/771 1038/673/772
f 985/603/712 989/602/710 1039/674/773 1037/670/769
f 998/675/719 997/676/718 1041/677/774 1042/678/774
f 989/599/710 986/598/709 1038/673/772 1039/679/773
f 987/593/775 1046/680/775 991/594/775
f 1049/681/776 1045/682/777 1044/683/778 1048/684/779
f 1047/685/780 1043/686/781 1045/687/777 1049/688/776
f 988/604/713 1047/685/780 1049/688/776 990/605/714
f 990/606/714 1049/681/776 1048/684/779 987/593/715
f 1055/689/782 1052/690/783 1051/691/784 1054/692/785
f 1053/693/786 1050/694/787 1052/690/783 1055/689/782
f 1053/695/788 1048/684/779 1044/683/778 1050/696/789
f 1051/697/790 1043/686/781 1047/685/780 1054/698/791
f 988/604/713 1002/618/727 1056/699/792
f 988/604/713 1056/699/792 1054/698/791 1047/685/780
f 1055/689/782 1061/700/793 1058/701/794
f 1002/618/727 1008/622/731 1059/702/795 1056/699/792
f 1058/703/796 1060/704/796 1011/625/733 1007/624/733
f 1061/705/797 1062/706/797 1060/704/797 1058/703/797
f 1056/707/798 1059/708/798 1062/706/798 1061/705/798
f 1048/684/779 1046/680/799 987/593/715
f 1064/709/800 1063/710/801 1066/711/802 1065/712/800
f 1063/710/801 1018/636/740 1019/635/740 1066/711/802
f 1048/684/779 1053/695/788 1065/713/803
f 1064/714/804 1065/713/803 1053/695/788
f 1054/692/785 1056/715/805 1061/700/793 1055/689/782
f 1046/716/806 1067/717/806 1020/642/746 991/641/745
f 1064/709/807 1072/718/808 1071/719/809 1063/710/810
f 1065/720/811 1068/721/811 1067/717/811 1046/716/811
f 1057/722/812 1073/723/813 1072/724/808 1064/725/807
f 1006/652/754 1029/653/755 1073/723/813 1057/722/812
f 1066/654/814 1069/654/815 1068/654/816 1065/654/816
f 1063/710/810 1071/719/809 1027/655/759 1018/636/759
f 1019/654/760 1024/654/760 1069/654/815 1066/654/814
f 1058/701/794 1007/658/763 1025/657/762 1070/726/817
f 1058/701/794 1070/726/817 1055/689/782
f 1055/689/782 1057/722/812 1064/725/807 1053/693/786
f 1055/689/782 1070/726/817 1057/722/812
f 1025/657/762 1006/652/754 1057/722/812 1070/726/817
f 1072/718/818 1075/727/818 1074/728/818 1071/719/818
f 1071/719/819 1074/728/819 1032/661/819 1027/655/819
f 1029/662/820 1034/665/820 1076/729/820 1073/730/820
f 1073/730/821 1076/729/821 1075/727/821 1072/718/821
f 1050/731/787 1080/732/822 1082/733/822 1052/734/783
f 1051/697/790 1081/735/823 1077/736/824 1043/686/781
f 1044/683/778 1078/737/825 1080/738/826 1050/696/789
f 1043/686/781 1077/736/824 1079/739/827 1045/687/777
f 1052/740/783 1082/741/828 1081/742/828 1051/743/784
f 1045/682/777 1079/744/827 1078/737/825 1044/683/778
f 994/597/708 992/595/736 999/613/722
f 1046/680/799 1048/684/779 1065/713/803
f 1085/593/829 1090/595/829 1089/594/829
f 1093/596/830 1087/599/831 1084/598/832 1092/597/833
f 1091/600/834 1083/603/835 1087/602/831 1093/601/830
f 1086/604/836 1091/600/834 1093/601/830 1088/605/837
f 1088/606/837 1093/596/830 1092/597/833 1085/593/838
f 1099/607/839 1096/610/840 1095/609/841 1098/608/842
f 1097/611/843 1094/612/844 1096/610/840 1099/607/839
f 1097/613/845 1092/597/833 1084/598/832 1094/614/846
f 1095/615/847 1083/603/835 1091/600/834 1098/616/848
f 1086/604/836 1100/618/849 1101/617/850
f 1086/604/836 1101/617/850 1098/616/848 1091/600/834
f 1099/607/839 1110/620/851 1103/619/852
f 1100/618/849 1106/622/853 1107/621/854 1101/617/850
f 1103/623/855 1108/626/855 1109/625/856 1105/624/856
f 1110/627/857 1111/628/857 1108/626/857 1103/623/857
f 1101/629/858 1107/630/858 1111/628/858 1110/627/858
f 1092/597/833 1090/595/859 1085/593/838
f 1113/631/860 1112/634/861 1115/633/862 1114/632/860
f 1112/634/861 1116/636/863 1117/635/863 1115/633/862
f 1090/595/859 1097/613/845 1114/637/864
f 1113/638/865 1114/637/864 1097/613/845
f 1098/608/842 1101/639/866 1110/620/851 1099/607/839
f 1090/640/867 1119/643/867 1118/642/868 1089/641/869
f 1113/631/870 1128/645/871 1126/644/872 1112/634/873
f 1114/646/874 1120/647/874 1119/643/874 1090/640/874
f 1102/648/875 1129/651/876 1128/650/871 1113/649/870
f 1104/652/877 1127/653/878 1129/651/876 1102/648/875
f 1115/654/879 1121/654/880 1120/654/881 1114/654/881
f 1112/634/873 1126/644/872 1125/655/878 1116/636/878
f 1117/654/882 1122/654/882 1121/654/880 1115/654/879
f 1103/619/852 1105/658/883 1123/657/884 1124/656/885
f 1103/619/852 1124/656/885 1099/607/839
f 1099/607/839 1102/648/875 1113/649/870 1097/611/843
f 1099/607/839 1124/656/885 1102/648/875
f 1123/657/884 1104/652/877 1102/648/875 1124/656/885
f 1128/645/886 1133/660/886 1131/659/886 1126/644/886
f 1126/644/887 1131/659/887 1130/661/887 1125/655/887
f 1127/662/888 1132/665/888 1134/664/888 1129/663/888
f 1129/663/889 1134/664/889 1133/660/889 1128/645/889
f 1094/666/844 1138/669/890 1140/668/890 1096/667/840
f 1095/615/847 1139/671/891 1135/670/892 1083/603/835
f 1084/598/832 1136/673/893 1138/672/894 1094/614/846
f 1083/603/835 1135/670/892 1137/674/895 1087/602/831
f 1096/675/840 1140/678/896 1139/677/896 1095/676/841
f 1087/599/831 1137/679/895 1136/673/893 1084/598/832
f 1085/593/897 1089/594/897 1144/680/897
f 1147/681/898 1146/684/899 1142/683/900 1143/682/901
f 1145/685/902 1147/688/898 1143/687/901 1141/686/903
f 1086/604/836 1088/605/837 1147/688/898 1145/685/902
f 1088/606/837 1085/593/838 1146/684/899 1147/681/898
f 1153/689/904 1152/692/905 1149/691/906 1150/690/907
f 1151/693/908 1153/689/904 1150/690/907 1148/694/909
f 1151/695/910 1148/696/911 1142/683/900 1146/684/899
f 1149/697/912 1152/698/913 1145/685/902 1141/686/903
f 1086/604/836 1154/699/914 1100/618/849
f 1086/604/836 1145/685/902 1152/698/913 1154/699/914
f 1153/689/904 1156/701/915 1159/700/916
f 1100/618/849 1154/699/914 1157/702/917 1106/622/853
f 1156/703/918 1105/624/856 1109/625/856 1158/704/918
f 1159/705/919 1156/703/919 1158/704/919 1160/706/919
f 1154/707/920 1159/705/920 1160/706/920 1157/708/920
f 1146/684/899 1085/593/838 1144/680/921
f 1162/709/922 1163/712/922 1164/711/923 1161/710/924
f 1161/710/924 1164/711/923 1117/635/863 1116/636/863
f 1146/684/899 1163/713/925 1151/695/910
f 1162/714/926 1151/695/910 1163/713/925
f 1152/692/905 1153/689/904 1159/700/916 1154/715/927
f 1144/716/928 1089/641/869 1118/642/868 1165/717/928
f 1162/709/929 1161/710/930 1169/719/931 1170/718/932
f 1163/720/933 1144/716/933 1165/717/933 1166/721/933
f 1155/722/934 1162/725/929 1170/724/932 1171/723/935
f 1104/652/877 1155/722/934 1171/723/935 1127/653/878
f 1164/654/936 1163/654/937 1166/654/937 1167/654/938
f 1161/710/930 1116/636/878 1125/655/878 1169/719/931
f 1117/654/882 1164/654/936 1167/654/938 1122/654/882
f 1156/701/915 1168/726/939 1123/657/884 1105/658/883
f 1156/701/915 1153/689/904 1168/726/939
f 1153/689/904 1151/693/908 1162/725/929 1155/722/934
f 1153/689/904 1155/722/934 1168/726/939
f 1123/657/884 1168/726/939 1155/722/934 1104/652/877
f 1170/718/940 1169/719/940 1172/728/940 1173/727/940
f 1169/719/941 1125/655/941 1130/661/941 1172/728/941
f 1127/662/942 1171/730/942 1174/729/942 1132/665/942
f 1171/730/943 1170/718/943 1173/727/943 1174/729/943
f 1148/731/909 1150/734/907 1180/733/944 1178/732/944
f 1149/697/912 1141/686/903 1175/736/945 1179/735/946
f 1142/683/900 1148/696/911 1178/738/947 1176/737/948
f 1141/686/903 1143/687/901 1177/739/949 1175/736/945
f 1150/740/907 1149/743/906 1179/742/950 1180/741/950
f 1143/682/901 1142/683/900 1176/737/948 1177/744/949
f 1092/597/833 1097/613/845 1090/595/859
f 1144/680/921 1163/713/925 1146/684/899
f 1192/745/951 1190/746/952 1189/747/953 1191/748/954
f 1194/749/955 1192/745/951 1191/748/954 1193/750/956
f 1196/751/957 1194/752/955 1193/753/956 1195/754/958
f 1198/755/959 1196/751/957 1195/754/958 1197/756/960
f 1200/757/961 1198/755/959 1197/756/960 1199/758/962
f 1202/759/963 1200/757/961 1199/758/962 1201/760/964
f 1204/761/965 1202/759/963 1201/760/964 1203/762/966
f 1190/746/952 1204/761/965 1203/762/966 1189/747/953
f 1181/763/967 1190/746/952 1192/745/951 1182/764/968
f 1188/765/969 1204/761/965 1190/746/952 1181/763/970
f 1182/764/968 1192/745/951 1194/749/955 1183/766/971
f 1183/767/972 1194/752/955 1196/751/957 1184/768/973
f 1184/768/973 1196/751/957 1198/755/959 1185/769/974
f 1185/769/975 1198/755/959 1200/757/961 1186/770/976
f 1186/770/976 1200/757/961 1202/759/963 1187/771/977
f 1187/771/978 1202/759/963 1204/761/965 1188/765/969
f 1193/772/979 1191/773/979 1189/774/979
f 1189/774/979 1203/775/979 1201/776/979
f 1201/776/979 1199/777/979 1197/778/979
f 1197/778/979 1195/779/979 1193/772/979
f 1197/778/979 1193/772/979 1189/774/979
f 1197/778/979 1189/774/979 1201/776/979
f 1216/745/980 1215/748/981 1213/747/982 1214/746/983
f 1218/749/984 1217/750/985 1215/748/981 1216/745/980
f 1220/751/986 1219/754/987 1217/753/985 1218/752/984
f 1222/755/988 1221/756/989 1219/754/987 1220/751/986
f 1224/757/990 1223/758/991 1221/756/989 1222/755/988
f 1226/759/992 1225/760/993 1223/758/991 1224/757/990
f 1228/761/994 1227/762/995 1225/760/993 1226/759/992
f 1214/746/983 1213/747/982 1227/762/995 1228/761/994
f 1205/763/250 1206/764/996 1216/745/996 1214/746/250
f 1212/765/997 1205/763/250 1214/746/250 1228/761/997
f 1206/764/998 1207/766/999 1218/749/999 1216/745/998
f 1207/767/999 1208/768/1000 1220/751/1000 1218/752/999
f 1208/768/1001 1209/769/253 1222/755/253 1220/751/1001
f 1209/769/253 1210/770/1002 1224/757/1002 1222/755/253
f 1210/770/1002 1211/771/1003 1226/759/1003 1224/757/1002
f 1211/771/1004 1212/765/997 1228/761/997 1226/759/1004
f 1217/772/985 1213/774/982 1215/773/981
f 1213/774/982 1225/776/993 1227/775/995
f 1225/776/993 1221/778/989 1223/777/991
f 1221/778/989 1217/772/985 1219/779/987
f 1221/778/989 1213/774/982 1217/772/985
f 1221/778/989 1225/776/993 1213/774/982
f 1229/334/1005 1231/337/1005 1232/336/1005 1230/335/1005
f 1231/337/1006 1233/339/1006 1234/338/1006 1232/336/1006
f 1233/339/1007 1235/341/1007 1236/340/1007 1234/338/1007
f 1235/341/1008 1237/343/1008 1238/342/1008 1236/340/1008
f 1237/343/1009 1239/345/1009 1240/344/1009 1238/342/1009
f 1239/345/1010 1229/347/1010 1230/346/1010 1240/344/1010
f 1237/348/1011 1231/350/1011 1239/349/1011
f 1239/349/1011 1231/350/1011 1229/351/1011
f 1231/350/1011 1235/353/1011 1233/352/1011
f 1235/353/1011 1231/350/1011 1237/348/1011
f 1241/334/1012 1242/335/1012 1244/336/1012 1243/337/1012
f 1243/337/1013 1244/336/1013 1246/338/1013 1245/339/1013
f 1245/339/1014 1246/338/1014 1248/340/1014 1247/341/1014
f 1247/341/1015 1248/340/1015 1250/342/1015 1249/343/1015
f 1249/343/1016 1250/342/1016 1252/344/1016 1251/345/1016
f 1251/345/1017 1252/344/1017 1242/346/1017 1241/347/1017
f 1249/348/1018 1251/349/1018 1243/350/1018
f 1251/349/1018 1241/351/1018 1243/350/1018
f 1243/350/1018 1245/352/1018 1247/353/1018
f 1247/353/1018 1249/348/1018 1243/350/1018
f 1253/334/1019 1254/335/1019 1256/336/1019 1255/337/1019
f 1255/337/1020 1256/336/1020 1258/338/1020 1257/339/1020
f 1257/339/1021 1258/338/1021 1260/340/1021 1259/341/1021
f 1259/341/1022 1260/340/1022 1262/342/1022 1261/343/1022
f 1261/343/1023 1262/342/1023 1264/344/1023 1263/345/1023
f 1263/345/1024 1264/344/1024 1254/346/1024 1253/347/1024
f 1261/348/1025 1263/349/1025 1255/350/1025
f 1263/349/1025 1253/351/1025 1255/350/1025
f 1255/350/1025 1257/352/1025 1259/353/1025
f 1259/353/1025 1261/348/1025 1255/350/1025
f 1265/334/253 1266/335/253 1268/336/253 1267/337/253
f 1267/337/1026 1268/336/1026 1270/338/1026 1269/339/1026
f 1269/339/1027 1270/338/1027 1272/340/1027 1271/341/1027
f 1271/341/250 1272/340/250 1274/342/250 1273/343/250
f 1273/343/1028 1274/342/1028 1276/344/1028 1275/345/1028
f 1275/345/1029 1276/344/1029 1266/346/1029 1265/347/1029
f 1273/348/1025 1275/349/1025 1267/350/1025
f 1275/349/1025 1265/351/1025 1267/350/1025
f 1267/350/1025 1269/352/1025 1271/353/1025
f 1271/353/1025 1273/348/1025 1267/350/1025
f 1277/334/253 1278/335/253 1280/336/253 1279/337/253
f 1279/337/1026 1280/336/1026 1282/338/1026 1281/339/1026
f 1281/339/1027 1282/338/1027 1284/340/1027 1283/341/1027
f 1283/341/250 1284/340/250 1286/342/250 1285/343/250
f 1285/343/1028 1286/342/1028 1288/344/1028 1287/345/1028
f 1287/345/1029 1288/344/1029 1278/346/1029 1277/347/1029
f 1285/348/1025 1287/349/1025 1279/350/1025
f 1287/349/1025 1277/351/1025 1279/350/1025
f 1279/350/1025 1281/352/1025 1283/353/1025
f 1283/353/1025 1285/348/1025 1279/350/1025
f 1289/334/1030 1290/335/1030 1292/336/1030 1291/337/1030
f 1291/337/1031 1292/336/1031 1294/338/1031 1293/339/1031
f 1293/339/1032 1294/338/1032 1296/340/1032 1295/341/1032
f 1295/341/1033 1296/340/1033 1298/342/1033 1297/343/1033
f 1297/343/1034 1298/342/1034 1300/344/1034 1299/345/1034
f 1299/345/1035 1300/344/1035 1290/346/1035 1289/347/1035
f 1297/348/1025 1299/349/1025 1291/350/1025
f 1299/349/1025 1289/351/1025 1291/350/1025
f 1291/350/1025 1293/352/1025 1295/353/1025
f 1295/353/1025 1297/348/1025 1291/350/1025
f 1301/334/1019 1302/335/1019 1304/336/1019 1303/337/1019
f 1303/337/1020 1304/336/1020 1306/338/1020 1305/339/1020
f 1305/339/1021 1306/338/1021 1308/340/1021 1307/341/1021
f 1307/341/1022 1308/340/1022 1310/342/1022 1309/343/1022
f 1309/343/1023 1310/342/1023 1312/344/1023 1311/345/1023
f 1311/345/1024 1312/344/1024 1302/346/1024 1301/347/1024
f 1309/348/1025 1311/349/1025 1303/350/1025
f 1311/349/1025 1301/351/1025 1303/350/1025
f 1303/350/1025 1305/352/1025 1307/353/1025
f 1307/353/1025 1309/348/1025 1303/350/1025
f 1313/334/253 1314/335/253 1316/336/253 1315/337/253
f 1315/337/1026 1316/336/1026 1318/338/1026 1317/339/1026
f 1317/339/1027 1318/338/1027 1320/340/1027 1319/341/1027
f 1319/341/250 1320/340/250 1322/342/250 1321/343/250
f 1321/343/1028 1322/342/1028 1324/344/1028 1323/345/1028
f 1323/345/1029 1324/344/1029 1314/346/1029 1313/347/1029
f 1321/348/1025 1323/349/1025 1315/350/1025
f 1323/349/1025 1313/351/1025 1315/350/1025
f 1315/350/1025 1317/352/1025 1319/353/1025
f 1319/353/1025 1321/348/1025 1315/350/1025
f 1325/334/253 1326/335/253 1328/336/253 1327/337/253
f 1327/337/1026 1328/336/1026 1330/338/1026 1329/339/1026
f 1329/339/1027 1330/338/1027 1332/340/1027 1331/341/1027
f 1331/341/250 1332/340/250 1334/342/250 1333/343/250
f 1333/343/1028 1334/342/1028 1336/344/1028 1335/345/1028
f 1335/345/1029 1336/344/1029 1326/346/1029 1325/347/1029
f 1333/348/1025 1335/349/1025 1327/350/1025
f 1335/349/1025 1325/351/1025 1327/350/1025
f 1327/350/1025 1329/352/1025 1331/353/1025
f 1331/353/1025 1333/348/1025 1327/350/1025
f 1337/334/1030 1338/335/1030 1340/336/1030 1339/337/1030
f 1339/337/1031 1340/336/1031 1342/338/1031 1341/339/1031
f 1341/339/1032 1342/338/1032 1344/340/1032 1343/341/1032
f 1343/341/1033 1344/340/1033 1346/342/1033 1345/343/1033
f 1345/343/1034 1346/342/1034 1348/344/1034 1347/345/1034
f 1347/345/1035 1348/344/1035 1338/346/1035 1337/347/1035
f 1345/348/1025 1347/349/1025 1339/350/1025
f 1347/349/1025 1337/351/1025 1339/350/1025
f 1339/350/1025 1341/352/1025 1343/353/1025
f 1343/353/1025 1345/348/1025 1339/350/1025
